molecule_chembl_id,SMILES,Activity,standard_units,standard_type
CHEMBL475818,C#CC(C)(C)c1cc(N=C(C)C)cc(C(=O)Nc2ccc(C)c(C(=O)Nc3cccnc3)c2)c1,7.12,nM,IC50
CHEMBL571278,C#Cc1cccc(Nc2nccc3c(Nc4ncccc4-c4cc(NC)ncn4)c(C)ccc23)c1,7.665,nM,IC50
CHEMBL462473,C/C(=N/Nc1nc2c(c(=O)[nH]c(=O)n2C)n1Cc1ccccc1)c1ccc([N+](=O)[O-])cc1,5.34,nM,IC50
CHEMBL459514,C/C(=N/Nc1nc2c(c(=O)[nH]c(=O)n2C)n1Cc1ccccc1)c1ccccc1,4.95,nM,IC50
CHEMBL459935,C/C(Cl)=C/Cn1c(N/N=C(/C)c2ccc([N+](=O)[O-])cc2)nc2c1c(=O)[nH]c(=O)n2C,4.76,nM,IC50
CHEMBL461421,C/C(Cl)=C\CSc1nc2c(c(=O)[nH]c(=O)n2C)n1CC(O)CCc1ccccc1,5.43,nM,IC50
CHEMBL460136,C/C(Cl)=C\CSc1nc2c(c(=O)n(Cc3ccccc3)c(=O)n2C)n1Cc1ccccc1,4.96,nM,IC50
CHEMBL516644,C=CCn1c(N/N=C\c2cccc([N+](=O)[O-])c2)nc2c1c(=O)[nH]c(=O)n2C,4.43,nM,IC50
CHEMBL571971,CC(=O)CN1C2CCC1CC(c1ccnc3c(-c4cccc5[nH]ncc45)c(-c4ccncc4)nn13)C2,7.12,nM,IC50
CHEMBL2335888,CC(=O)N(C)c1ccc(Nc2ncc3cc(-c4ccncc4)ccc3n2)cc1,7.2,nM,IC50
CHEMBL578391,CC(=O)N1C2CCC1CC(c1ccnc3c(-c4ccc(Cl)c(O)c4)c(-c4ccncc4)nn13)C2,9.52,nM,IC50
CHEMBL570458,CC(=O)N1C2CCC1CC(c1ccnc3c(-c4cccc5[nH]ncc45)c(-c4ccncc4)nn13)C2,8.04,nM,IC50
CHEMBL1076206,CC(=O)N1C[C@@H]2C[C@H]1CN2c1ccc(-c2ccnc3c(-c4ccc(F)c(O)c4)c(-c4ccncc4)nn23)cc1,9.3,nM,IC50
CHEMBL2335895,CC(=O)NC(C)c1ccc(Nc2ncc3cc(-c4ccncc4)ccc3n2)cc1,7.24,nM,IC50
CHEMBL2335911,CC(=O)N[C@H](C)c1ccc(Nc2ncc3cc(-c4ccncc4)c(C)cc3n2)cc1,5.58,nM,IC50
CHEMBL2335909,CC(=O)N[C@H](C)c1ccc(Nc2ncc3cc(-c4ccncc4)c(Cl)cc3n2)cc1,5.64,nM,IC50
CHEMBL2335912,CC(=O)N[C@H](C)c1ccc(Nc2ncc3cc(-c4ccncc4)cc(C)c3n2)cc1,7.09,nM,IC50
CHEMBL2335910,CC(=O)N[C@H](C)c1ccc(Nc2ncc3cc(-c4ccncc4)cc(Cl)c3n2)cc1,6.73,nM,IC50
CHEMBL2335896,CC(=O)N[C@H](C)c1ccc(Nc2ncc3cc(-c4ccncc4)ccc3n2)cc1,7.47,nM,IC50
CHEMBL248256,CC(=O)Nc1cc(CNc2ccccc2C(=O)Nc2ccc3c(c2)OC(F)(F)O3)ccn1,8.3,nM,IC50
CHEMBL3661248,CC(=O)Nc1ccc(-c2ccc3ncnc(Nc4cccc5[nH]ncc45)c3c2)cc1,6.41,nM,IC50
CHEMBL482576,CC(=O)Nc1ccc(NC(=O)c2cc(NC(=O)c3cccc(C(C)(C)C#N)c3)ccc2C)cn1,7.8,nM,IC50
CHEMBL2335889,CC(=O)Nc1ccc(Nc2ncc3cc(-c4ccncc4)ccc3n2)cc1,6.4,nM,IC50
CHEMBL443770,CC(=O)Nc1ccc(Oc2cncc(Nc3cccc(-c4cnco4)c3)n2)c2ccccc12,6.51,nM,IC50
CHEMBL200130,CC(=O)Nc1cccc(-c2cncc(NCCCc3ccccc3)n2)c1,4.48,nM,IC50
CHEMBL200964,CC(=O)Nc1cccc(-c2cncc(NCCOc3ccccc3)n2)c1,4.335000000000001,nM,IC50
CHEMBL372149,CC(=O)Nc1cccc(-c2cncc(NCCc3ccccc3)n2)c1,4.35,nM,IC50
CHEMBL382262,CC(=O)Nc1cccc(-c2cncc(NCc3cc(C)[nH]n3)n2)c1,4.8,nM,IC50
CHEMBL201625,CC(=O)Nc1cccc(-c2cncc(NCc3cc(C)on3)n2)c1,4.9,nM,IC50
CHEMBL274738,CC(=O)Nc1cccc(-c2cncc(NCc3ccc(F)c(Cl)c3)n2)c1,4.285,nM,IC50
CHEMBL370112,CC(=O)Nc1cccc(-c2cncc(NCc3ccc4c(c3)OCCO4)n2)c1,4.47,nM,IC50
CHEMBL201576,CC(=O)Nc1cccc(-c2cncc(NCc3ccc4c(c3)OCO4)n2)c1,5.42,nM,IC50
CHEMBL440761,CC(=O)Nc1cccc(-c2cncc(NCc3cccc(F)c3)n2)c1,5.1,nM,IC50
CHEMBL199800,CC(=O)Nc1cccc(-c2cncc(NCc3ccccc3)n2)c1,4.75,nM,IC50
CHEMBL199588,CC(=O)Nc1cccc(-c2cncc(NCc3ccoc3)n2)c1,4.48,nM,IC50
CHEMBL199805,CC(=O)Nc1cccc(-c2cncc(NN(C)c3ccccc3)n2)c1,4.3,nM,IC50
CHEMBL199948,CC(=O)Nc1cccc(-c2cncc(Nc3cc(Cl)nc(Cl)c3)n2)c1,6.02,nM,IC50
CHEMBL383374,CC(=O)Nc1cccc(-c2cncc(Nc3ccc(N4CCOCC4)cc3)n2)c1,5.32,nM,IC50
CHEMBL378600,CC(=O)Nc1cccc(-c2cncc(Nc3ccc(OC(F)(F)F)cc3)n2)c1,4.68,nM,IC50
CHEMBL200080,CC(=O)Nc1cccc(-c2cncc(Nc3ccc(S(=O)(=O)N4CCOCC4)cc3)n2)c1,5.07,nM,IC50
CHEMBL199811,CC(=O)Nc1cccc(-c2cncc(Nc3ccc4c(c3)C(=O)OC4)n2)c1,6.22,nM,IC50
CHEMBL373242,CC(=O)Nc1cccc(-c2cncc(Nc3ccc4c(c3)OC(F)(F)C(F)(F)O4)n2)c1,4.41,nM,IC50
CHEMBL200075,CC(=O)Nc1cccc(-c2cncc(Nc3ccc4c(c3)OC(F)(F)O4)n2)c1,4.43,nM,IC50
CHEMBL199281,CC(=O)Nc1cccc(-c2cncc(Nc3ccc4c(c3)OCCCO4)n2)c1,5.415,nM,IC50
CHEMBL199833,CC(=O)Nc1cccc(-c2cncc(Nc3ccc4c(c3)OCCO4)n2)c1,5.395,nM,IC50
CHEMBL371958,CC(=O)Nc1cccc(-c2cncc(Nc3ccc4c(c3)OCO4)n2)c1,6.25,nM,IC50
CHEMBL198244,CC(=O)Nc1cccc(-c2cncc(Nc3cccc(-c4cnco4)c3)n2)c1,5.225,nM,IC50
CHEMBL201322,CC(=O)Nc1cccc(-c2cncc(Nc3cccc(Cl)c3)n2)c1,5.455,nM,IC50
CHEMBL199394,CC(=O)Nc1cccc(-c2cncc(Nc3cccc(O)c3)n2)c1,4.85,nM,IC50
CHEMBL199355,CC(=O)Nc1cccc(-c2cncc(Nc3cccc(OCCN)c3)n2)c1,5.35,nM,IC50
CHEMBL425576,CC(=O)Nc1cccc(-c2cncc(Nc3ccccc3)n2)c1,5.01,nM,IC50
CHEMBL381275,CC(=O)Nc1cccc(-c2cncc(Nc3nc(C(C)(C)C)cs3)n2)c1,4.7,nM,IC50
CHEMBL501719,CC(=O)Nc1cccc2c(Oc3cncc(Nc4ccc5c(c4)C(=O)OC5)n3)cccc12,5.6,nM,IC50
CHEMBL501718,CC(=O)Nc1cccc2c(Oc3cncc(Nc4cccc(-c5cnco5)c4)n3)cccc12,6.19,nM,IC50
CHEMBL257986,CC(C)(C)NC(=O)NCCNc1nccc(-c2[nH]c(C3CC3)nc2-c2ccccc2Cl)n1,7.08,nM,IC50
CHEMBL571747,CC(C)(C)OC(=O)[C@H]1CCCN1C(=O)N1C2CCC1CC(c1ccnc3c(-c4cccc5[nH]ncc45)c(-c4ccncc4)nn13)C2,7.41,nM,IC50
CHEMBL597389,CC(C)(C)c1cc(C(=O)Nc2cccc(Oc3cccc4[nH]c(=O)[nH]c34)c2)n(-c2ccccc2)n1,5.71,nM,IC50
CHEMBL1090290,CC(C)(C)c1cc(NC(=O)Nc2ccc(Oc3ccnc4[nH]c(=O)[nH]c34)c3ccccc23)n(-c2ccc(F)cc2)n1,6.655,nM,IC50
CHEMBL1093756,CC(C)(C)c1cc(NC(=O)Nc2ccc(Oc3ccnc4[nH]c(=O)[nH]c34)c3ccccc23)n(-c2ccccc2)n1,6.875,nM,IC50
CHEMBL1092464,CC(C)(C)c1cc(NC(=O)Nc2ccc(Oc3ccnc4[nH]c(=O)[nH]c34)cc2)n(-c2ccc(Cl)cc2)n1,6.654999999999999,nM,IC50
CHEMBL1089003,CC(C)(C)c1cc(NC(=O)Nc2ccc(Oc3ccnc4[nH]c(=O)[nH]c34)cc2)n(-c2ccc(F)cc2)n1,6.65,nM,IC50
CHEMBL1089705,CC(C)(C)c1cc(NC(=O)Nc2ccc(Oc3ccnc4[nH]c(=O)[nH]c34)cc2)n(-c2ccc(F)cc2F)n1,6.45,nM,IC50
CHEMBL1092522,CC(C)(C)c1cc(NC(=O)Nc2ccc(Oc3ccnc4[nH]c(=O)[nH]c34)cc2)n(-c2ccccc2)n1,6.62,nM,IC50
CHEMBL1089704,CC(C)(C)c1cc(NC(=O)Nc2ccc(Oc3ccnc4[nH]c(=O)[nH]c34)cc2)n(-c2ccccn2)n1,5.9350000000000005,nM,IC50
CHEMBL1089349,CC(C)(C)c1cc(NC(=O)Nc2ccc(Oc3ccnc4[nH]c(=O)[nH]c34)cc2)n(C(C)(C)C)n1,5.2,nM,IC50
CHEMBL1090716,CC(C)(C)c1cc(NC(=O)Nc2ccc(Oc3ccnc4[nH]c(=O)[nH]c34)cc2)n(Cc2ccccc2)n1,5.85,nM,IC50
CHEMBL1090449,CC(C)(C)c1cc(NC(=O)Nc2ccc(Oc3ccnc4[nH]c(=O)[nH]c34)cc2F)n(-c2ccccc2)n1,6.995,nM,IC50
CHEMBL1213885,CC(C)(C)c1cc(NC(=O)Nc2ccc(Oc3ccnc4[nH]c(=O)c(=O)[nH]c34)cc2F)n(-c2ccccc2)n1,6.64,nM,IC50
CHEMBL1214133,CC(C)(C)c1cc(NC(=O)Nc2ccc(Oc3ccnc4[nH]c(=O)c(N)nc34)c3ccccc23)n(-c2ccccc2)n1,7.61,nM,IC50
CHEMBL1214131,CC(C)(C)c1cc(NC(=O)Nc2ccc(Oc3ccnc4[nH]c(=O)cnc34)c3ccccc23)n(-c2ccccc2)n1,7.605,nM,IC50
CHEMBL1214382,CC(C)(C)c1cc(NC(=O)Nc2ccc(Oc3ccnc4nc(N)c(=O)[nH]c34)c3ccccc23)n(-c2ccccc2)n1,6.915,nM,IC50
CHEMBL1213758,CC(C)(C)c1cc(NC(=O)Nc2ccc(Oc3ccnc4nc(N5CCOCC5)cnc34)cc2F)n(-c2ccccc2)n1,5.605,nM,IC50
CHEMBL1214380,CC(C)(C)c1cc(NC(=O)Nc2ccc(Oc3ccnc4ncc(=O)[nH]c34)c3ccccc23)n(-c2ccccc2)n1,6.95,nM,IC50
CHEMBL1214197,CC(C)(C)c1cc(NC(=O)Nc2ccc(Oc3ccnc4ncc(=O)[nH]c34)cc2F)n(-c2ccccc2)n1,6.11,nM,IC50
CHEMBL1090705,CC(C)(C)c1cc(NC(=O)Nc2ccc(Sc3ccnc4[nH]c(=O)[nH]c34)cc2)n(-c2ccccc2)n1,6.915,nM,IC50
CHEMBL597593,CC(C)(C)c1cc(NC(=O)Nc2cccc(Oc3cccc4[nH]c(=O)[nH]c34)c2)n(-c2ccc(F)cc2)n1,6.3100000000000005,nM,IC50
CHEMBL597592,CC(C)(C)c1cc(NC(=O)Nc2cccc(Oc3cccc4[nH]c(=O)[nH]c34)c2)n(-c2ccccc2)n1,5.88,nM,IC50
CHEMBL1214505,CC(C)(C)c1cc(NC(=O)Nc2cccc(Oc3ccnc4[nH]c(=O)cnc34)c2)n(-c2ccccc2)n1,6.895,nM,IC50
CHEMBL1214506,CC(C)(C)c1cc(NC(=O)Nc2cccc(Oc3ccnc4ncc(=O)[nH]c34)c2)n(-c2ccccc2)n1,5.98,nM,IC50
CHEMBL598626,CC(C)(C)c1cc(NC(=O)c2cccc(Oc3cccc4[nH]c(=O)[nH]c34)c2)n(-c2ccccc2)n1,5.96,nM,IC50
CHEMBL1213693,CC(C)(C)c1cc(NC(=O)c2cccc(Oc3ccnc4[nH]c(=O)cnc34)c2)n(-c2ccccc2)n1,5.68,nM,IC50
CHEMBL599659,CC(C)(C)c1cccc(C(=O)Nc2cccc(Oc3cccc4[nH]c(=O)[nH]c34)c2)c1,6.615,nM,IC50
CHEMBL1214617,CC(C)(C)c1cccc(C(=O)Nc2cccc(Oc3ccnc4[nH]c(=O)cnc34)c2)c1,7.11,nM,IC50
CHEMBL1214618,CC(C)(C)c1cccc(C(=O)Nc2cccc(Oc3ccnc4ncc(=O)[nH]c34)c2)c1,6.465,nM,IC50
CHEMBL496073,CC(C)(C)c1cccc(NC(=O)Nc2ccc(Oc3ccnc4[nH]c(=O)[nH]c34)c3ccccc23)c1,5.904999999999999,nM,IC50
CHEMBL599672,CC(C)(C)c1cccc(NC(=O)Nc2cccc(Oc3cccc4[nH]c(=O)[nH]c34)c2)c1,5.85,nM,IC50
CHEMBL1089690,CC(C)(C)c1csc(NC(=O)Nc2ccc(Oc3ccnc4[nH]c(=O)[nH]c34)cc2)n1,5.11,nM,IC50
CHEMBL200172,CC(C)(C)c1nc(-c2ccc(Cl)c(O)c2)c(-c2ccncc2)[nH]1,7.92,nM,IC50
CHEMBL371694,CC(C)(C)c1nc(-c2ccc(F)cc2)c(-c2ccncc2)[nH]1,6.05,nM,IC50
CHEMBL200889,CC(C)(CN)c1nc(-c2ccc(Cl)c(O)c2)c(-c2ccncc2)[nH]1,8.22,nM,IC50
CHEMBL200863,CC(C)(CNC(=O)Nc1ccc(Cl)cc1)c1nc(-c2ccc(Cl)c(O)c2)c(-c2ccncc2)[nH]1,7.89,nM,IC50
CHEMBL381447,CC(C)(CNS(C)(=O)=O)c1nc(-c2ccc(Cl)c(O)c2)c(-c2ccncc2)[nH]1,7.85,nM,IC50
CHEMBL570648,CC(C)N1C2CCC1CC(c1ccnc3c(-c4cccc5[nH]ncc45)c(-c4ccncc4)nn13)C2,7.17,nM,IC50
CHEMBL597589,CC(C)c1cc(C(=O)Nc2cccc(Oc3cccc4[nH]c(=O)[nH]c34)c2)n(-c2ccccc2)n1,5.96,nM,IC50
CHEMBL1092523,CC(C)c1cc(NC(=O)Nc2ccc(Oc3ccnc4[nH]c(=O)[nH]c34)cc2)n(-c2ccccc2)n1,6.545,nM,IC50
CHEMBL3904742,CC(C)n1cc(-c2ccnc(NCCN(C)C)n2)c(-c2cc(Cl)cc(NS(C)(=O)=O)c2F)n1,7.05,nM,IC50
CHEMBL1082551,CC1=C(C#N)c2nc(N)c(C#N)c(C)c2/C1=C/c1ccc(O)cc1,4.7,nM,IC50
CHEMBL516963,CC1Nc2nc(NC(=O)c3ccc[n+](C)c3)[nH]c(=O)c2N(C(=O)c2ccc[n+](C)c2)C1C,4.53,nM,IC50
CHEMBL599660,CCC(C)(C)c1cccc(C(=O)Nc2cccc(Oc3cccc4[nH]c(=O)[nH]c34)c2)c1,6.455,nM,IC50
CHEMBL486341,CCCC1CCCCN1C(=O)c1cc(Oc2ccc3c(c2)nc(Nc2ccc(Br)cc2)n3C)ccn1,8.15,nM,IC50
CHEMBL3932572,CCCS(=O)(=O)Nc1cc(Cl)cc(-c2nn(C(C)C)cc2-c2ccnc(NC[C@H](C)NC(=O)OC)n2)c1,9.0,nM,IC50
CHEMBL3944081,CCCS(=O)(=O)Nc1cc(Cl)cc(-c2nn(C(C)C)cc2-c2ccnc(NC[C@H](C)NC(=O)OC)n2)c1F,8.7,nM,IC50
CHEMBL5792289,CCCS(=O)(=O)Nc1cc(Cl)cc(Nc2ccc3ncn(C)c(=O)c3c2C)c1F,8.34,nM,IC50
CHEMBL5583891,CCCS(=O)(=O)Nc1cc(F)c(F)c(Nc2ccc3ncn(C)c(=O)c3c2C)c1Cl,8.775,nM,IC50
CHEMBL5899793,CCCS(=O)(=O)Nc1cc(F)c(F)c(Nc2ccc3ncn(C)c(=O)c3c2C)c1F,8.2,nM,IC50
CHEMBL5780307,CCCS(=O)(=O)Nc1cc(F)cc(Nc2ccc3ncn(C)c(=O)c3c2C)c1Cl,8.01,nM,IC50
CHEMBL5818063,CCCS(=O)(=O)Nc1cc(F)cc(Nc2ccc3ncn(C)c(=O)c3c2C)c1F,7.79,nM,IC50
CHEMBL5801663,CCCS(=O)(=O)Nc1ccc(Cl)c(Nc2ccc3ncn(C)c(=O)c3c2C)c1Cl,7.86,nM,IC50
CHEMBL2023340,CCCS(=O)(=O)Nc1ccc(F)c(-c2cc3cnc(N)nc3n(C)c2=O)c1F,8.0,nM,IC50
CHEMBL2023335,CCCS(=O)(=O)Nc1ccc(F)c(-c2ccc3cc(N)ncc3c2)c1F,6.26,nM,IC50
CHEMBL3920123,CCCS(=O)(=O)Nc1ccc(F)c(-c2nn(C(C)C)cc2-c2ccnc(NC[C@H](C)NC(=O)OC)n2)c1F,8.1,nM,IC50
CHEMBL1945019,CCCS(=O)(=O)Nc1ccc(F)c(C(=O)Nc2ccc(N)nc2)c1F,6.04,nM,IC50
CHEMBL1822067,CCCS(=O)(=O)Nc1ccc(F)c(C(=O)Nc2cnc3[nH]nc(OC)c3c2)c1F,8.3,nM,IC50
CHEMBL2047867,CCCS(=O)(=O)Nc1ccc(F)c(NC(=O)Nc2cc(N)ncn2)c1F,6.85,nM,IC50
CHEMBL5572318,CCCS(=O)(=O)Nc1ccc(F)c(Nc2ccc3ncn(C)c(=O)c3c2C)c1Cl,7.949999999999999,nM,IC50
CHEMBL3982541,CCCS(=O)(=O)Nc1cccc(-c2nn(C(C)C)cc2-c2ccnc(NC[C@H](C)NC(=O)OC)n2)c1F,8.7,nM,IC50
CHEMBL5904108,CCCS(=O)(=O)Nc1ncc(Cl)c(Nc2ccc3ncn(C)c(=O)c3c2C)c1Cl,8.34,nM,IC50
CHEMBL5931598,CCCS(=O)(=O)Nc1ncc(F)c(Nc2ccc3ncn(C)c(=O)c3c2C)c1Cl,8.11,nM,IC50
CHEMBL5743842,CCCS(=O)(=O)Nc1ncc(F)c(Nc2ccc3ncn(C)c(=O)c3c2C)c1F,7.77,nM,IC50
CHEMBL1089348,CCCn1nc(C(C)(C)C)cc1NC(=O)Nc1ccc(Oc2ccnc3[nH]c(=O)[nH]c23)cc1,6.025,nM,IC50
CHEMBL248397,CCN(CC)CCCNC(=O)c1cc(CNc2ccccc2C(=O)Nc2ccc3c(c2)OC(F)(F)O3)ccn1,6.76,nM,IC50
CHEMBL248227,CCN(CC)CCNC(=O)c1cc(CNc2ccccc2C(=O)Nc2ccc3c(c2)OC(F)(F)O3)ccn1,6.86,nM,IC50
CHEMBL562168,CCN(CC)CCNC(=O)c1cnn2c(-c3cccc(NC(=O)Nc4ccc(Cl)c(C(F)(F)F)c4)c3)ccnc12,6.77,nM,IC50
CHEMBL253292,CCN(CC)CCOc1ccc(Nc2cc(NC(=O)Nc3c(Cl)cccc3Cl)ncn2)cc1,6.82,nM,IC50
CHEMBL570872,CCN1C2CCC1CC(c1ccnc3c(-c4ccc(C#N)c(O)c4)c(-c4ccncc4)nn13)C2,7.24,nM,IC50
CHEMBL570642,CCN1C2CCC1CC(c1ccnc3c(-c4ccc(C(F)(F)F)c5[nH]ncc45)c(-c4ccncc4)nn13)C2,7.35,nM,IC50
CHEMBL570444,CCN1C2CCC1CC(c1ccnc3c(-c4ccc(C)c5[nH]ncc45)c(-c4ccncc4)nn13)C2,7.77,nM,IC50
CHEMBL571130,CCN1C2CCC1CC(c1ccnc3c(-c4ccc(Cl)c(O)c4)c(-c4ccncc4)nn13)C2,9.3,nM,IC50
CHEMBL569768,CCN1C2CCC1CC(c1ccnc3c(-c4ccc(Cl)c(OC)c4)c(-c4ccncc4)nn13)C2,7.36,nM,IC50
CHEMBL583245,CCN1C2CCC1CC(c1ccnc3c(-c4ccc(Cl)c5[nH]ncc45)c(-c4ccncc4)nn13)C2,8.36,nM,IC50
CHEMBL568855,CCN1C2CCC1CC(c1ccnc3c(-c4ccc(F)c(O)c4)c(-c4ccncc4)nn13)C2,8.52,nM,IC50
CHEMBL570422,CCN1C2CCC1CC(c1ccnc3c(-c4cccc5[nH]ncc45)c(-c4ccncc4)nn13)C2,7.33,nM,IC50
CHEMBL489058,CCN1CCN(CC/C=C/c2ccc3c(Nc4ccc(Sc5nccn5C)c(Cl)c4)c(C#N)cnc3c2)CC1,5.06,nM,IC50
CHEMBL1076541,CCN1CCN(Cc2cc(-c3cnn4c(-c5cccc(NC(=O)c6cccc(C(F)(F)F)c6)c5)ccnc34)co2)CC1,6.66,nM,IC50
CHEMBL5824380,CCN1CCN(c2cc(C(=O)Nc3cnc(C)c(-c4cc(N5CCOCC5)nc(N5CC(O)C5)c4)c3)cc(C(F)(F)F)c2)CC1,7.57,nM,IC50
CHEMBL1080650,CCN1C[C@@H]2C[C@H]1CN2c1ccc(-c2ccnc3c(-c4ccc(F)c(O)c4)c(-c4ccncc4)nn23)cc1,9.29,nM,IC50
CHEMBL570658,CCNC(=O)N1C2CCC1CC(c1ccnc3c(-c4cccc5[nH]ncc45)c(-c4ccncc4)nn13)C2,8.17,nM,IC50
CHEMBL247793,CCNC(=O)Nc1cc(CNc2ccccc2C(=O)Nc2ccc3c(c2)OC(F)(F)O3)ccn1,7.05,nM,IC50
CHEMBL247798,CCNC(=O)Nc1ccc(CNc2ncsc2C(=O)Nc2ccc3c(c2)OC(F)(F)O3)cn1,6.91,nM,IC50
CHEMBL248226,CCNC(=O)c1cc(CNc2ccccc2C(=O)Nc2ccc3c(c2)OC(F)(F)O3)ccn1,6.48,nM,IC50
CHEMBL470359,CCNC(=O)c1cc(Oc2ccc3c(c2)nc(Nc2ccc(Br)cc2)n3C)ccn1,7.89,nM,IC50
CHEMBL585335,CCOC(=O)N1C2CCC1CC(c1c(C)cnc3c(-c4cccc5[nH]ncc45)c(-c4ccncc4)nn13)C2,8.08,nM,IC50
CHEMBL583340,CCOC(=O)N1C2CCC1CC(c1ccnc3c(-c4ccc(-c5nnco5)cc4)c(-c4ccncc4)nn13)C2,6.82,nM,IC50
CHEMBL571744,CCOC(=O)N1C2CCC1CC(c1ccnc3c(-c4ccc(C(F)(F)F)c5[nH]ncc45)c(-c4ccncc4)nn13)C2,8.36,nM,IC50
CHEMBL583133,CCOC(=O)N1C2CCC1CC(c1ccnc3c(-c4ccc(C)c5[nH]ncc45)c(-c4ccncc4)nn13)C2,9.15,nM,IC50
CHEMBL584739,CCOC(=O)N1C2CCC1CC(c1ccnc3c(-c4ccc(Cl)c(OC)c4)c(-c4ccncc4)nn13)C2,7.27,nM,IC50
CHEMBL585144,CCOC(=O)N1C2CCC1CC(c1ccnc3c(-c4ccc(Cl)c5[nH]ncc45)c(-c4ccncc4)nn13)C2,9.4,nM,IC50
CHEMBL571558,CCOC(=O)N1C2CCC1CC(c1ccnc3c(-c4ccc(F)c(F)c4)c(-c4ccncc4)nn13)C2,6.52,nM,IC50
CHEMBL570681,CCOC(=O)N1C2CCC1CC(c1ccnc3c(-c4ccc(F)c5[nH]ncc45)c(-c4ccncc4)nn13)C2,9.4,nM,IC50
CHEMBL583894,CCOC(=O)N1C2CCC1CC(c1ccnc3c(-c4ccc5cc[nH]c5c4)c(-c4ccncc4)nn13)C2,7.44,nM,IC50
CHEMBL571129,CCOC(=O)N1C2CCC1CC(c1ccnc3c(-c4cccc(O)c4)c(-c4ccncc4)nn13)C2,9.0,nM,IC50
CHEMBL571557,CCOC(=O)N1C2CCC1CC(c1ccnc3c(-c4cccc(OC)c4)c(-c4ccncc4)nn13)C2,7.06,nM,IC50
CHEMBL585334,CCOC(=O)N1C2CCC1CC(c1ccnc3c(-c4cccc5[nH]ncc45)c(-c4ccncc4)nn13)C2,8.7,nM,IC50
CHEMBL1964273,CCOC(=O)c1cc2c(-c3cn(CC)nc3-c3cccc(NC(=O)Nc4ccccc4)c3)ccnc2[nH]1,7.47,nM,IC50
CHEMBL500416,CCOC(=O)c1cccc(-c2cncc(Nc3cc(OC)c(OC)c(OC)c3)n2)c1,4.85,nM,IC50
CHEMBL562424,CCOC(=O)c1cnn2c(-c3cccc(NC(=O)Nc4ccc(C(F)(F)F)cc4)c3)ccnc12,5.44,nM,IC50
CHEMBL551905,CCOC(=O)c1cnn2c(-c3cccc(NC(=O)Nc4ccc(C)c(C(F)(F)F)c4)c3)ccnc12,6.44,nM,IC50
CHEMBL564895,CCOC(=O)c1cnn2c(-c3cccc(NC(=O)Nc4ccc(Cl)c(C(F)(F)F)c4)c3)ccnc12,6.44,nM,IC50
CHEMBL561243,CCOC(=O)c1cnn2c(-c3cccc(NC(=O)Nc4ccc(F)c(C(F)(F)F)c4)c3)ccnc12,6.62,nM,IC50
CHEMBL560642,CCOC(=O)c1cnn2c(-c3cccc(NC(=O)Nc4cccc(C(F)(F)F)c4)c3)ccnc12,6.27,nM,IC50
CHEMBL549823,CCOC(=O)c1cnn2c(-c3cccc(NC(=O)c4ccc(C)c(C(F)(F)F)c4)c3)ccnc12,6.3,nM,IC50
CHEMBL564192,CCOC(=O)c1cnn2c(-c3cccc(NC(=O)c4ccc(Cl)c(C(F)(F)F)c4)c3)ccnc12,5.37,nM,IC50
CHEMBL549824,CCOC(=O)c1cnn2c(-c3cccc(NC(=O)c4ccc(OC)c(C(F)(F)F)c4)c3)ccnc12,5.99,nM,IC50
CHEMBL565061,CCOC(=O)c1cnn2c(-c3cccc(NC(=O)c4cccc(C(F)(F)F)c4)c3)ccnc12,5.82,nM,IC50
CHEMBL549619,CCOC(=O)c1cnn2c(-c3cccc(NC(=O)c4cccc(OC(F)(F)F)c4)c3)ccnc12,5.8,nM,IC50
CHEMBL3917262,CCS(=O)(=O)Nc1c(F)ccc(-c2nn(C(C)C)cc2-c2ccnc(NC[C@H](C)NC(=O)OC)n2)c1F,8.77,nM,IC50
CHEMBL448929,CCc1cc(Nc2nccc(-c3c(-c4cccc(C(=O)Nc5c(F)cccc5F)c4)nc4ccccn34)n2)c(OC)cc1N1CCC(N2CCN(S(C)(=O)=O)CC2)CC1,6.5,nM,IC50
CHEMBL5848032,CCc1cccc(NC(=O)c2ccc(C)c(-c3cc(N4CCOCC4)c(=O)n(C)c3)c2)c1,8.62,nM,IC50
CHEMBL521951,CCn1c(=O)n(CC)c2c(Oc3ccc(NC(=O)Nc4ccc(Cl)c(C(F)(F)F)c4)cc3)ccnc21,6.52,nM,IC50
CHEMBL470149,CCn1c(Nc2ccc(Br)cc2)nc2cc(Oc3ccnc(C(=O)NC)c3)ccc21,7.17,nM,IC50
CHEMBL502816,CCn1cc(-c2ccc3c(c2)CC/C3=N\O)c(-c2ccncc2)n1,9.24,nM,IC50
CHEMBL3928966,CCn1cc(-c2ccnc(NC[C@H](C)NC(=O)OC)n2)c(-c2cc(Cl)cc(NS(C)(=O)=O)c2F)n1,8.52,nM,IC50
CHEMBL1964274,CCn1cc(-c2ccnc3[nH]c(C(=O)O)cc23)c(-c2cccc(NC(=O)Nc3ccccc3)c2)n1,7.34,nM,IC50
CHEMBL456351,CCn1cc(-c2ccnc3[nH]cc(Br)c23)c(-c2cccc(NC(=O)Nc3ccccc3)c2)n1,7.1,nM,IC50
CHEMBL522902,CCn1cc(-c2ccnc3[nH]ccc23)c(-c2cccc(NC(=O)NC3CCCCC3)c2)n1,7.38,nM,IC50
CHEMBL496265,CCn1cc(-c2ccnc3[nH]ccc23)c(-c2cccc(NC(=O)NCc3ccccc3)c2)n1,6.77,nM,IC50
CHEMBL496275,CCn1cc(-c2ccnc3[nH]ccc23)c(-c2cccc(NC(=O)Nc3c(F)cccc3F)c2)n1,7.59,nM,IC50
CHEMBL526268,CCn1cc(-c2ccnc3[nH]ccc23)c(-c2cccc(NC(=O)Nc3cc(C(F)(F)F)ccc3F)c2)n1,8.41,nM,IC50
CHEMBL523411,CCn1cc(-c2ccnc3[nH]ccc23)c(-c2cccc(NC(=O)Nc3ccc(C(F)(F)F)cc3)c2)n1,7.9,nM,IC50
CHEMBL456983,CCn1cc(-c2ccnc3[nH]ccc23)c(-c2cccc(NC(=O)Nc3ccc(Cl)c(C(F)(F)F)c3)c2)n1,8.27,nM,IC50
CHEMBL505187,CCn1cc(-c2ccnc3[nH]ccc23)c(-c2cccc(NC(=O)Nc3ccc(OCc4ccccc4)cc3)c2)n1,6.96,nM,IC50
CHEMBL497484,CCn1cc(-c2ccnc3[nH]ccc23)c(-c2cccc(NC(=O)Nc3cccc(Cl)c3)c2)n1,7.98,nM,IC50
CHEMBL456350,CCn1cc(-c2ccnc3[nH]ccc23)c(-c2cccc(NC(=O)Nc3cccc(OC)c3)c2)n1,8.68,nM,IC50
CHEMBL498307,CCn1cc(-c2ccnc3[nH]ccc23)c(-c2cccc(NC(=O)Nc3ccccc3)c2)n1,7.76,nM,IC50
CHEMBL525896,CCn1cc(-c2ccnc3[nH]ccc23)c(-c2cccc(NC(=O)Nc3ccccc3Cl)c2)n1,8.28,nM,IC50
CHEMBL524635,CCn1cc(-c2ccnc3[nH]ccc23)c(-c2cccc(NC(=S)Nc3ccccc3)c2)n1,6.48,nM,IC50
CHEMBL6028263,CCn1cc(C(=O)Nc2cnc(C)c(-c3cc(N4CCOCC4)nc(N4CC(O)C4)c3)c2)cc(C(F)(F)F)c1=O,7.68,nM,IC50
CHEMBL584942,CN(C)C(=O)N1C2CCC1CC(c1ccnc3c(-c4cccc5[nH]ncc45)c(-c4ccncc4)nn13)C2,8.19,nM,IC50
CHEMBL486342,CN(C)C(=O)c1cc(Oc2ccc3c(c2)nc(Nc2ccc(Br)cc2)n3C)ccn1,5.57,nM,IC50
CHEMBL1076440,CN(C)CC(=O)Nc1ccc(-c2cnn3c(-c4cccc(NC(=O)c5cccc(C(F)(F)F)c5)c4)ccnc23)cc1,7.47,nM,IC50
CHEMBL1076441,CN(C)CC(=O)Nc1cccc(-c2cnn3c(-c4cccc(NC(=O)c5cccc(C(F)(F)F)c5)c4)ccnc23)c1,7.4,nM,IC50
CHEMBL426476,CN(C)CCCNC(=O)c1nc(-c2ccc(Cl)c(O)c2)c(-c2ccncc2)[nH]1,7.4,nM,IC50
CHEMBL498503,CN(C)CCCn1cc(-c2ccc3c(c2)CC/C3=N\O)c(-c2ccncc2)n1,9.33,nM,IC50
CHEMBL1254315,CN(C)CCN1CCN(C(=O)c2cc(-c3ccc4c(c3)Cc3cn[nH]c3-4)c(-c3ccncc3)o2)CC1,5.44,nM,IC50
CHEMBL551372,CN(C)CCNC(=O)c1cnn2c(-c3cccc(NC(=O)c4cccc(C(F)(F)F)c4)c3)ccnc12,5.23,nM,IC50
CHEMBL2335883,CN(C)CCNCc1ccc(Nc2ncc3cc(-c4ccncc4)ccc3n2)cc1,5.8,nM,IC50
CHEMBL1092180,CN(C)CCNc1cc(-c2cc3nccc(-c4cccc(NC(=O)c5cccc(C(F)(F)F)c5)c4)n3n2)ccn1,7.28,nM,IC50
CHEMBL1087781,CN(C)CCNc1ccc(-c2cnn3c(-c4cccc(NC(=O)c5cccc(C(F)(F)F)c5)c4)ccnc23)cn1,7.52,nM,IC50
CHEMBL561969,CN(C)CCOC(=O)c1cnn2c(-c3cccc(NC(=O)c4cccc(C(F)(F)F)c4)c3)ccnc12,5.15,nM,IC50
CHEMBL1253783,CN(C)CCOc1ccc(-c2nc(-c3ccc(-c4cc[nH]n4)cc3)c(-c3ccncc3)[nH]2)cc1,5.52,nM,IC50
CHEMBL1253950,CN(C)CCOc1ccc(-c2nc(-c3ccc(-c4n[nH]cc4Cl)cc3)c(-c3ccncc3)[nH]2)cc1,5.215,nM,IC50
CHEMBL1254044,CN(C)CCOc1ccc(-c2nc(-c3ccc4c(c3)CC3CC(=O)NN=C43)c(-c3ccncc3)[nH]2)cc1,4.0,nM,IC50
CHEMBL1253951,CN(C)CCOc1ccc(-c2nc(-c3ccc4c(c3)CCc3cn[nH]c3-4)c(-c3ccncc3)[nH]2)cc1,5.49,nM,IC50
CHEMBL1254134,CN(C)CCOc1ccc(-c2nc(-c3ccc4c(c3)Cc3cn[nH]c3-4)c(-c3ccncc3)[nH]2)cc1,6.3,nM,IC50
CHEMBL1254135,CN(C)CCOc1ccc(-c2nc(-c3ccc4c(c3)Cc3nn[nH]c3-4)c(-c3ccncc3)[nH]2)cc1,5.36,nM,IC50
CHEMBL1254043,CN(C)CCOc1ccc(-c2nc(-c3ccc4c(ccc5cn[nH]c54)c3)c(-c3ccncc3)[nH]2)cc1,5.185,nM,IC50
CHEMBL1087892,CN(C)CCc1ccc(-c2cnn3c(-c4cccc(NC(=O)c5cccc(C(F)(F)F)c5)c4)ccnc23)cc1,7.58,nM,IC50
CHEMBL1088295,CN(C)CCc1cccc(-c2cnn3c(-c4cccc(NC(=O)c5cccc(C(F)(F)F)c5)c4)ccnc23)c1,7.39,nM,IC50
CHEMBL1088162,CN(C)CCc1ccccc1-c1cnn2c(-c3cccc(NC(=O)c4cccc(C(F)(F)F)c4)c3)ccnc12,6.5,nM,IC50
CHEMBL498327,CN(C)CCn1cc(-c2ccc3c(c2)CC/C3=N\O)c(-c2ccncc2)n1,8.4,nM,IC50
CHEMBL1087397,CN(C)Cc1ccc(-c2cnn3c(-c4cccc(NC(=O)c5cccc(C(F)(F)F)c5)c4)ccnc23)cc1,7.62,nM,IC50
CHEMBL1087894,CN(C)Cc1cccc(-c2cnn3c(-c4cccc(NC(=O)c5cccc(C(F)(F)F)c5)c4)ccnc23)c1,7.36,nM,IC50
CHEMBL1087893,CN(C)Cc1ccccc1-c1cnn2c(-c3cccc(NC(=O)c4cccc(C(F)(F)F)c4)c3)ccnc12,6.93,nM,IC50
CHEMBL1213755,CN(C)Cc1nc2c(Oc3ccc(NC(=O)Nc4cc(C(F)(F)F)ccc4F)c(F)c3)ccnc2[nH]1,6.14,nM,IC50
CHEMBL496184,CN(C)c1cc(Oc2ccnc3[nH]c(=O)[nH]c23)ccc1NC(=O)Nc1ccc(Cl)c(C(F)(F)F)c1,4.84,nM,IC50
CHEMBL1080269,CN(C)c1ccc(-c2cnn3c(-c4cccc(NC(=O)c5cccc(C(F)(F)F)c5)c4)ccnc23)cc1,6.51,nM,IC50
CHEMBL598836,CN(C)c1cccc(S(=O)(=O)Nc2cccc(Oc3cccc4[nH]c(=O)[nH]c34)c2)c1,4.38,nM,IC50
CHEMBL1213756,CN(C)c1cnc2c(Oc3ccc(NC(=O)Nc4cc(C(C)(C)C)nn4-c4ccccc4)c(F)c3)ccnc2n1,5.77,nM,IC50
CHEMBL1213696,CN(C)c1cnc2c(Oc3ccc(NC(=O)Nc4cc(C(F)(F)F)ccc4F)c(F)c3)ccnc2n1,5.68,nM,IC50
CHEMBL1214384,CN(C)c1nc2c(Oc3ccc(NC(=O)Nc4cc(C(C)(C)C)nn4-c4ccccc4)c(F)c3)ccnc2[nH]1,5.775,nM,IC50
CHEMBL1213754,CN(C)c1nc2c(Oc3ccc(NC(=O)Nc4cc(C(F)(F)F)ccc4F)c(F)c3)ccnc2[nH]1,6.41,nM,IC50
CHEMBL400057,CN(C)c1nccc(CNc2ccccc2C(=O)Nc2ccc3c(c2)OC(F)(F)O3)n1,6.46,nM,IC50
CHEMBL570873,CN1C2CC(CO)C1Cc1cnc3c(-c4ccc(Cl)c(O)c4)c(-c4ccncc4)nn3c12,9.22,nM,IC50
CHEMBL571112,CN1C2CC(S(=O)(=O)c3ccccc3)C1Cc1cnc3c(-c4ccc(Cl)c(O)c4)c(-c4ccncc4)nn3c12,9.1,nM,IC50
CHEMBL1080476,CN1C2CCC1CN(c1ccc(-c3ccnc4c(-c5cccc(O)c5)c(-c5ccncc5)nn34)cc1)C2,9.05,nM,IC50
CHEMBL498674,CN1CCC(n2cc(-c3ccc4c(c3)CC/C4=N\O)c(-c3ccncc3)n2)CC1,9.47,nM,IC50
CHEMBL2335879,CN1CCCC1CCNC(=O)c1ccc(Nc2ncc3cc(-c4ccncc4)ccc3n2)cc1,6.77,nM,IC50
CHEMBL1254390,CN1CCN(C(=O)c2cc(-c3ccc4c(c3)Cc3cn[nH]c3-4)c(-c3ccncc3)o2)CC1,5.12,nM,IC50
CHEMBL1080268,CN1CCN(CCCC#Cc2cnn3c(-c4cccc(NC(=O)c5cccc(C(F)(F)F)c5)c4)ccnc23)CC1,6.08,nM,IC50
CHEMBL1076482,CN1CCN(Cc2ccc(-c3cnn4c(-c5cccc(NC(=O)c6cccc(C(F)(F)F)c6)c5)ccnc34)cc2)CC1,7.42,nM,IC50
CHEMBL1076204,CN1CCN(c2ccc(-c3cnn4c(-c5cc(NC(=O)c6cccc(C(F)(F)F)c6)ccc5F)ccnc34)cn2)CC1,7.52,nM,IC50
CHEMBL1076497,CN1CCN(c2ccc(-c3cnn4c(-c5cccc(NC(=O)c6cccc(C(F)(F)F)c6)c5)ccnc34)cn2)CC1,7.36,nM,IC50
CHEMBL1254229,CN1CCN(c2ccc(-c3nc(-c4ccc5c(c4)Cc4cn[nH]c4-5)c(-c4ccncc4)[nH]3)cc2)CC1,6.43,nM,IC50
CHEMBL1213695,CN1CCN(c2cnc3c(Oc4ccc(NC(=O)Nc5cc(C(C)(C)C)nn5-c5ccccc5)c(F)c4)ccnc3n2)CC1,5.755,nM,IC50
CHEMBL1213694,CN1CCN(c2cnc3c(Oc4ccc(NC(=O)Nc5cc(C(F)(F)F)ccc5F)c(F)c4)ccnc3n2)CC1,5.88,nM,IC50
CHEMBL1087650,CN1C[C@@H]2C[C@H]1CN2c1ccc(-c2ccnc3c(-c4cccc(O)c4)c(-c4ccncc4)nn23)cc1,9.42,nM,IC50
CHEMBL447317,CNC(=N)SCCCN1C(=O)C2=C(C1=O)n1ccc3cccc(c31)C1Cc3ccccc3N21,5.1,nM,IC50
CHEMBL488271,CNC(=N)SCCCn1c(=O)c2c(c1=O)n1c3ccccc3cc1c1cccc3ccn2c31,5.08,nM,IC50
CHEMBL394503,CNC(=O)Nc1cc(CNc2ccccc2C(=O)Nc2ccc3c(c2)OC(F)(F)O3)ccn1,7.62,nM,IC50
CHEMBL247797,CNC(=O)Nc1ccc(CNc2c(C(=O)Nc3ccc(SC(F)(F)F)cc3)cnn2C)cn1,6.81,nM,IC50
CHEMBL247619,CNC(=O)Nc1ccc(CNc2c(C(=O)Nc3ccc4c(c3)OC(F)(F)C(F)(F)O4)cnn2C)cn1,6.72,nM,IC50
CHEMBL247250,CNC(=O)Nc1ccc(CNc2ncsc2C(=O)Nc2ccc3c(c2)OC(F)(F)O3)cn1,7.16,nM,IC50
CHEMBL247435,CNC(=O)c1cc(CNc2c(C(=O)Nc3ccc4c(c3)OC(F)(F)O4)cnn2C)ccn1,6.7,nM,IC50
CHEMBL247437,CNC(=O)c1cc(CNc2ccccc2C(=O)Nc2ccc3c(c2)OC(F)(F)O3)ccn1,7.35,nM,IC50
CHEMBL247618,CNC(=O)c1cc(CNc2ccsc2C(=O)Nc2ccc3c(c2)OC(F)(F)O3)ccn1,7.21,nM,IC50
CHEMBL247434,CNC(=O)c1cc(CNc2ncsc2C(=O)Nc2ccc3c(c2)OC(F)(F)C(F)(F)O3)ccn1,6.72,nM,IC50
CHEMBL247248,CNC(=O)c1cc(CNc2ncsc2C(=O)Nc2ccc3c(c2)OC(F)(F)O3)ccn1,5.91,nM,IC50
CHEMBL1213974,CNC(=O)c1cc(Oc2ccc(NC(=O)Nc3cc(C(C)(C)C)nn3-c3ccc(C)cc3)cc2)ccn1,6.63,nM,IC50
CHEMBL1336,CNC(=O)c1cc(Oc2ccc(NC(=O)Nc3ccc(Cl)c(C(F)(F)F)c3)cc2)ccn1,7.37,nM,IC50
CHEMBL472448,CNC(=O)c1cc(Oc2ccc3[nH]c(Nc4ccc(Br)cc4)nc3c2)ccn1,7.41,nM,IC50
CHEMBL471407,CNC(=O)c1cc(Oc2ccc3[nH]c(Nc4ccc(C(C)(C)C)cc4)nc3c2)ccn1,7.2,nM,IC50
CHEMBL472450,CNC(=O)c1cc(Oc2ccc3[nH]c(Nc4ccc(C(F)(F)F)cc4)nc3c2)ccn1,7.96,nM,IC50
CHEMBL519065,CNC(=O)c1cc(Oc2ccc3[nH]c(Nc4cccc(Br)c4)nc3c2)ccn1,5.89,nM,IC50
CHEMBL511997,CNC(=O)c1cc(Oc2ccc3[nH]c(Nc4cccc(C(C)(C)C)c4)nc3c2)ccn1,7.58,nM,IC50
CHEMBL511669,CNC(=O)c1cc(Oc2ccc3[nH]c(Nc4cccc(C(F)(F)F)c4)nc3c2)ccn1,6.52,nM,IC50
CHEMBL486739,CNC(=O)c1cc(Oc2ccc3[nH]c(Nc4ccccc4)nc3c2)ccn1,5.11,nM,IC50
CHEMBL486943,CNC(=O)c1cc(Oc2ccc3[nH]c(Nc4ccccc4Br)nc3c2)ccn1,5.62,nM,IC50
CHEMBL472449,CNC(=O)c1cc(Oc2ccc3[nH]c(Nc4ccccc4C(F)(F)F)nc3c2)ccn1,5.05,nM,IC50
CHEMBL472651,CNC(=O)c1cc(Oc2ccc3c(c2)nc(NC2CCCCC2)n3C)ccn1,5.36,nM,IC50
CHEMBL472652,CNC(=O)c1cc(Oc2ccc3c(c2)nc(NCC2CCCCC2)n3C)ccn1,6.85,nM,IC50
CHEMBL513600,CNC(=O)c1cc(Oc2ccc3c(c2)nc(Nc2ccc(Br)cc2)n3C)ccn1,8.7,nM,IC50
CHEMBL511836,CNC(=O)c1cc(Oc2ccc3c(c2)nc(Nc2ccc(C(C)(C)C)cc2)n3C)ccn1,6.85,nM,IC50
CHEMBL470591,CNC(=O)c1cc(Oc2ccc3c(c2)nc(Nc2ccc(C(F)(F)F)cc2)n3C)ccn1,7.06,nM,IC50
CHEMBL470364,CNC(=O)c1cc(Oc2ccc3c(c2)nc(Nc2ccc(Cl)c(C(F)(F)F)c2)n3C)ccn1,7.55,nM,IC50
CHEMBL514135,CNC(=O)c1cc(Oc2ccc3c(c2)nc(Nc2cccc(-c4ccncc4)c2)n3C)ccn1,7.85,nM,IC50
CHEMBL471625,CNC(=O)c1cc(Oc2ccc3c(c2)nc(Nc2cccc(Br)c2)n3C)ccn1,7.6,nM,IC50
CHEMBL470808,CNC(=O)c1cc(Oc2ccc3c(c2)nc(Nc2cccc(C(C)(C)C)c2)n3C)ccn1,7.35,nM,IC50
CHEMBL513562,CNC(=O)c1cc(Oc2ccc3c(c2)nc(Nc2cccc(C(F)(F)F)c2)n3C)ccn1,8.1,nM,IC50
CHEMBL471408,CNC(=O)c1cc(Oc2ccc3c(c2)nc(Nc2ccccc2)n3C)ccn1,6.89,nM,IC50
CHEMBL471415,CNC(=O)c1cc(Oc2ccc3c(c2)nc(Nc2ccccc2Br)n3C)ccn1,7.41,nM,IC50
CHEMBL470799,CNC(=O)c1cc(Oc2ccc3c(c2)nc(Nc2ccccc2C(F)(F)F)n3C)ccn1,5.72,nM,IC50
CHEMBL520236,CNC(=O)c1cc(Oc2ccc3nc(Nc4ccc(Br)cc4)n(C)c3c2)ccn1,6.3,nM,IC50
CHEMBL394826,CNC(=O)c1cc(Oc2ccc3nc(Nc4ccc(Cl)c(C(F)(F)F)c4)[nH]c3c2)ccn1,6.55,nM,IC50
CHEMBL475795,CNC(=O)c1cncc(NC(=O)c2cc(NC(=O)c3cccc(C(C)(C)C#N)c3)ccc2C)c1,7.77,nM,IC50
CHEMBL498688,CNC1CCCC(n2cc(-c3ccc4c(c3)CC/C4=N\O)c(-c3ccncc3)n2)C1,9.64,nM,IC50
CHEMBL570567,CNc1cc(-c2cccnc2Nc2c(C)ccc3c(Nc4ccc(C#N)cc4)nccc23)ncn1,7.385,nM,IC50
CHEMBL565885,CNc1cc(-c2cccnc2Nc2c(C)ccc3c(Nc4ccc(Cl)cc4)nccc23)ncn1,7.355,nM,IC50
CHEMBL570573,CNc1cc(-c2cccnc2Nc2c(C)ccc3c(Nc4ccc5sc(C)nc5c4)nccc23)ncn1,7.25,nM,IC50
CHEMBL399534,CNc1cc(CNc2ccccc2C(=O)Nc2ccc3c(c2)OC(F)(F)O3)ccn1,7.0,nM,IC50
CHEMBL475045,CNc1ccc(NC(=O)c2cc(NC(=O)c3cccc(C(C)(C)C#N)c3)ccc2C)cn1,7.42,nM,IC50
CHEMBL1213760,CNc1cnc2c(Oc3ccc(NC(=O)Nc4cc(C(F)(F)F)ccc4F)c(F)c3)ccnc2n1,5.66,nM,IC50
CHEMBL569882,CNc1ncc2cc(-c3c(C)ccc4c(Nc5cc(C(C)(C)C)nn5C)nccc34)ccc2n1,7.41,nM,IC50
CHEMBL576787,CNc1ncc2cc(-c3c(C)ccc4c(Nc5ccc(Cl)cc5)nccc34)ccc2n1,7.42,nM,IC50
CHEMBL576985,CNc1ncc2cc(-c3c(C)ccc4c(Nc5ccc6c(c5)NC(=O)C6(C)C)nccc34)ccc2n1,7.625,nM,IC50
CHEMBL212964,CNc1ncc2cc(-c3cc(C(=O)Nc4cccc(C(F)(F)F)c4)ccc3C)ccc2n1,8.17,nM,IC50
CHEMBL258454,CNc1nccc(-c2[nH]c(C(F)(F)F)nc2-c2cccc(NC(=O)Cc3ccc(Cl)cc3)c2)n1,7.635,nM,IC50
CHEMBL403854,CNc1nccc(-c2[nH]c(C3CC3)nc2-c2cccc(NC(=O)Cc3ccc(Cl)cc3)c2)n1,8.285,nM,IC50
CHEMBL430413,CNc1nccc(-c2[nH]c(C3CC3)nc2-c2cccc(NC(=O)Nc3ccc(Cl)c(C(F)(F)F)c3)c2)n1,7.74,nM,IC50
CHEMBL402029,CNc1nccc(-c2[nH]c(C3CC3)nc2-c2cccc(NS(=O)(=O)Cc3ccc(Cl)c(Cl)c3)c2)n1,6.595000000000001,nM,IC50
CHEMBL3927112,CNc1nccc(-c2cn(C(C)C)nc2-c2cc(Cl)cc(NS(C)(=O)=O)c2F)n1,8.1,nM,IC50
CHEMBL246424,CNc1nccc(CNc2ccccc2C(=O)Nc2ccc3c(c2)OC(F)(F)O3)n1,7.58,nM,IC50
CHEMBL585148,COC(=O)C1CC2c3c(cnc4c(-c5ccc(Cl)c(O)c5)c(-c5ccncc5)nn34)CC1N2C,8.8,nM,IC50
CHEMBL3910040,COC(=O)NCCn1cc(-c2cc(NC(=O)c3cccc(C(F)(F)F)c3)ccc2C)cc(N2CCOCC2)c1=O,7.92,nM,IC50
CHEMBL3894464,COC(=O)NCCn1cc(-c2cc(NC(=O)c3cccc(C(F)(F)F)c3)cnc2C)cc(N2CCOCC2)c1=O,6.97,nM,IC50
CHEMBL3917315,COC(=O)N[C@@H](C)CNc1nccc(-c2cn(C(C)C)nc2-c2c(F)ccc(NS(C)(=O)=O)c2F)n1,7.34,nM,IC50
CHEMBL3933474,COC(=O)N[C@@H](C)CNc1nccc(-c2cn(C(C)C)nc2-c2cc(C)cc(NS(C)(=O)=O)c2Cl)n1,8.22,nM,IC50
CHEMBL3929909,COC(=O)N[C@@H](C)CNc1nccc(-c2cn(C(C)C)nc2-c2cc(C)cc(NS(C)(=O)=O)c2F)n1,8.4,nM,IC50
CHEMBL3942604,COC(=O)N[C@@H](C)CNc1nccc(-c2cn(C(C)C)nc2-c2cc(Cl)cc(NS(C)(=O)=O)c2)n1,7.75,nM,IC50
CHEMBL3301612,COC(=O)N[C@@H](C)CNc1nccc(-c2cn(C(C)C)nc2-c2cc(Cl)cc(NS(C)(=O)=O)c2F)n1,8.7,nM,IC50
CHEMBL3931720,COC(=O)N[C@@H](C)CNc1nccc(-c2cn(C(C)C)nc2-c2cc(F)cc(NS(C)(=O)=O)c2F)n1,8.52,nM,IC50
CHEMBL3904915,COC(=O)N[C@@H](C)CNc1nccc(-c2cn(C(C)C)nc2-c2cc(NS(C)(=O)=O)c(C)c(OC)c2)n1,6.41,nM,IC50
CHEMBL3890179,COC(=O)N[C@@H](C)CNc1nccc(-c2cn(C(C)C)nc2-c2ccc(F)c(NS(C)(=O)=O)c2F)n1,8.21,nM,IC50
CHEMBL3972154,COC(=O)N[C@@H](C)CNc1nccc(-c2cn(C(C)C)nc2-c2cccc(NS(=O)(=O)CCC(F)(F)F)c2F)n1,7.57,nM,IC50
CHEMBL3905481,COC(=O)N[C@@H](C)CNc1nccc(-c2cn(C(C)C)nc2-c2cccc(NS(C)(=O)=O)c2F)n1,7.48,nM,IC50
CHEMBL3901933,COC(=O)N[C@@H](C)CNc1nccc(-c2cn(C(C)C)nc2-c2ccnc(NS(C)(=O)=O)c2Cl)n1,7.1,nM,IC50
CHEMBL3939997,COC(=O)N[C@H](C)CNc1nccc(-c2cn(C(C)C)nc2-c2cc(Cl)cc(NS(C)(=O)=O)c2F)n1,9.1,nM,IC50
CHEMBL549476,COC(=O)c1cnn2c(-c3cccc(NC(=O)c4cccc(C(F)(F)F)c4)c3)ccnc12,6.39,nM,IC50
CHEMBL2335885,COCCC(=O)N(C)c1ccc(Nc2ncc3cc(-c4ccncc4)ccc3n2)cc1,7.35,nM,IC50
CHEMBL2335892,COCCC(=O)NC(C)c1ccc(Nc2ncc3cc(-c4ccncc4)ccc3n2)cc1,7.15,nM,IC50
CHEMBL2335894,COCCC(=O)N[C@@H](C)c1ccc(Nc2ncc3cc(-c4ccncc4)ccc3n2)cc1,6.8,nM,IC50
CHEMBL2335893,COCCC(=O)N[C@H](C)c1ccc(Nc2ncc3cc(-c4ccncc4)ccc3n2)cc1,7.22,nM,IC50
CHEMBL2335887,COCCC(=O)Nc1ccc(Nc2ncc3cc(-c4ccncc4)ccc3n2)cc1,6.18,nM,IC50
CHEMBL247030,COCCCNC(=O)c1cc(CNc2ccccc2C(=O)Nc2ccc3c(c2)OC(F)(F)O3)ccn1,5.99,nM,IC50
CHEMBL558490,COCCCNC(=O)c1cnn2c(-c3cccc(NC(=O)Nc4ccc(Cl)c(C(F)(F)F)c4)c3)ccnc12,6.57,nM,IC50
CHEMBL247591,COCCCNc1cc(CNc2ccccc2C(=O)Nc2ccc3c(c2)OC(F)(F)O3)ccn1,6.81,nM,IC50
CHEMBL2335882,COCCN(C)Cc1ccc(Nc2ncc3cc(-c4ccncc4)ccc3n2)cc1,6.64,nM,IC50
CHEMBL2335890,COCCN(C)c1ccc(Nc2ncc3cc(-c4ccncc4)ccc3n2)cc1,6.07,nM,IC50
CHEMBL245805,COCCNC(=O)c1cc(CNc2ccccc2C(=O)Nc2ccc3c(c2)OC(F)(F)O3)ccn1,6.3,nM,IC50
CHEMBL2335891,COCCNC(C)c1ccc(Nc2ncc3cc(-c4ccncc4)ccc3n2)cc1,7.31,nM,IC50
CHEMBL2335881,COCCNCc1ccc(Nc2ncc3cc(-c4ccncc4)ccc3n2)cc1,6.46,nM,IC50
CHEMBL248860,COCCNc1cc(CNc2ccccc2C(=O)Nc2ccc3c(c2)OC(F)(F)O3)ccn1,6.98,nM,IC50
CHEMBL1076439,COCCOCC(=O)Nc1ccc(-c2cnn3c(-c4cccc(NC(=O)c5cccc(C(F)(F)F)c5)c4)ccnc23)cc1,6.86,nM,IC50
CHEMBL2335886,COCCOc1ccc(Nc2ncc3cc(-c4ccncc4)ccc3n2)cc1,6.01,nM,IC50
CHEMBL496472,COCCn1cc(-c2ccc3c(c2)CC/C3=N\O)c(-c2ccncc2)n1,8.94,nM,IC50
CHEMBL451523,COc1c(NC(=O)Nc2ccc(-c3ccc(CN4CCOCC4)nc3)c3ccccc23)cc(C(C)(C)C)cc1NS(C)(=O)=O,5.14,nM,IC50
CHEMBL1088288,COc1cc(-c2c(-c3ccncc3)nn3c(-c4ccc(N5CC6CCC(C5)N6C)cc4)ccnc23)ccc1Cl,8.01,nM,IC50
CHEMBL1079785,COc1cc(-c2c(-c3ccncc3)nn3c(-c4ccc(N5C[C@@H]6C[C@H]5CN6)cc4)ccnc23)ccc1F,8.06,nM,IC50
CHEMBL1080616,COc1cc(-c2c(-c3ccncc3)nn3c(-c4ccc(N5C[C@@H]6C[C@H]5CN6C)cc4)ccnc23)ccc1F,7.68,nM,IC50
CHEMBL1076233,COc1cc(-c2c(-c3ccncc3)nn3c(-c4ccc(N5C[C@@H]6C[C@H]5CN6C)cc4C)ccnc23)ccc1F,9.0,nM,IC50
CHEMBL583678,COc1cc(-c2c(-c3ccncc3)nn3c(C4CC5CCC(C4)N5)ccnc23)ccc1Cl,8.07,nM,IC50
CHEMBL3926287,COc1cc(-c2cc(NC(=O)c3cccc(C(F)(F)F)c3)ccc2C)nc(N2CCOCC2)c1,8.66,nM,IC50
CHEMBL3661240,COc1cc(-c2ccc3ncnc(Nc4cc(O)c(Cl)cc4Cl)c3c2)ccc1O,7.22,nM,IC50
CHEMBL3661244,COc1cc(-c2ccc3ncnc(Nc4ccc5nn[nH]c5c4)c3c2)ccc1O,6.03,nM,IC50
CHEMBL3661239,COc1cc(-c2ccc3ncnc(Nc4cccc(O)c4Cl)c3c2)ccc1O,7.25,nM,IC50
CHEMBL3935937,COc1cc(C(=O)Nc2cnc(C)c(-c3cc(N4CCOCC4)c(=O)n(C)c3)c2)ccc1F,7.68,nM,IC50
CHEMBL201511,COc1cc(C2=C(c3c[nH]c4ccccc34)C(=O)NC2=O)cc(OC)c1OC,4.4,nM,IC50
CHEMBL509435,COc1cc(C2=C(c3cn(C)c4ccccc34)C(=O)NC2)cc(OC)c1OC,4.3,nM,IC50
CHEMBL488646,COc1cc(C2=C(c3cn(COC(C)(C)C)c4ccccc34)CNC2=O)cc(OC)c1OC,4.42,nM,IC50
CHEMBL199892,COc1cc(CNc2cncc(-c3cccc(NC(C)=O)c3)n2)cc(OC)c1OC,4.43,nM,IC50
CHEMBL490459,COc1cc(Cl)c(C(F)(F)F)cc1NC(=O)Nc1ccc(Oc2ccnc3[nH]c(=O)[nH]c23)cc1,7.57,nM,IC50
CHEMBL507714,COc1cc(N2CCC(N3CCN(S(C)(=O)=O)CC3)CC2)ccc1Nc1nccc(-c2c(-c3cccc(C(=O)Nc4c(F)cccc4F)c3)nc3ccccn23)n1,7.1,nM,IC50
CHEMBL496019,COc1cc(NC(=O)Nc2ccc(Cl)c(C(F)(F)F)c2)ccc1Oc1ccnc2[nH]c(=O)[nH]c12,6.43,nM,IC50
CHEMBL496203,COc1cc(NC(=O)Nc2cccc(C(F)(F)F)c2)ccc1Oc1ccnc2[nH]c(=O)[nH]c12,6.165,nM,IC50
CHEMBL589803,COc1cc(NC(=O)c2cccc(OC(F)(F)F)c2)cc(Oc2cccc3[nH]c(=O)[nH]c23)c1,5.985,nM,IC50
CHEMBL484307,COc1cc(Nc2cncc(-c3ccc(C(N)=O)cc3)n2)cc(OC)c1OC,5.95,nM,IC50
CHEMBL521480,COc1cc(Nc2cncc(-c3ccc(C=O)cc3)n2)cc(OC)c1OC,5.52,nM,IC50
CHEMBL524868,COc1cc(Nc2cncc(-c3ccc(CO)cc3)n2)cc(OC)c1OC,4.58,nM,IC50
CHEMBL484106,COc1cc(Nc2cncc(-c3ccc(NC(=O)Nc4ccccc4)cc3)n2)cc(OC)c1OC,5.94,nM,IC50
CHEMBL500151,COc1cc(Nc2cncc(-c3ccc(O)cc3)n2)cc(OC)c1OC,4.75,nM,IC50
CHEMBL484107,COc1cc(Nc2cncc(-c3cccc(C#N)c3)n2)cc(OC)c1OC,5.01,nM,IC50
CHEMBL483921,COc1cc(Nc2cncc(-c3cccc(NC(C)=O)c3)c2)cc(OC)c1OC,4.58,nM,IC50
CHEMBL425577,COc1cc(Nc2cncc(-c3cccc(NC(C)=O)c3)n2)cc(OC)c1,5.545,nM,IC50
CHEMBL200114,COc1cc(Nc2cncc(-c3cccc(NC(C)=O)c3)n2)cc(OC)c1OC,5.46,nM,IC50
CHEMBL501736,COc1cc(Nc2cncc(-c3cccc(O)c3)n2)cc(OC)c1OC,5.4,nM,IC50
CHEMBL525079,COc1cc(Nc2cncc(-c3cccnc3)n2)cc(OC)c1OC,4.66,nM,IC50
CHEMBL500142,COc1cc(Nc2cncc(-c3ccncc3)n2)cc(OC)c1OC,5.54,nM,IC50
CHEMBL484319,COc1cc(Nc2cncc(Nc3ccc(F)cc3)n2)cc(OC)c1OC,4.72,nM,IC50
CHEMBL484114,COc1cc(Nc2cncc(Nc3ccc(NC(C)=O)cc3)n2)cc(OC)c1OC,4.8,nM,IC50
CHEMBL484317,COc1cc(Nc2cncc(Nc3ccc(O)cc3)n2)cc(OC)c1OC,5.31,nM,IC50
CHEMBL520162,COc1cc(Nc2cncc(Nc3cccc(F)c3)n2)cc(OC)c1OC,4.92,nM,IC50
CHEMBL484116,COc1cc(Nc2cncc(Nc3cccc(NC(C)=O)c3)n2)cc(OC)c1OC,4.85,nM,IC50
CHEMBL504906,COc1cc(Nc2cncc(Nc3ccccc3)n2)cc(OC)c1OC,4.8,nM,IC50
CHEMBL484115,COc1cc(Nc2cncc(Nc3ccncc3)n2)cc(OC)c1OC,5.33,nM,IC50
CHEMBL519648,COc1cc(Nc2cncc(Oc3ccc(/C(C)=N/O)cc3)n2)cc(OC)c1OC,4.58,nM,IC50
CHEMBL520625,COc1cc(Nc2cncc(Oc3ccc(C(C)=O)cc3)n2)cc(OC)c1OC,4.47,nM,IC50
CHEMBL483298,COc1cc(Nc2cncc(Oc3ccc(NC(C)=O)c4ccccc34)n2)cc(OC)c1OC,6.25,nM,IC50
CHEMBL482928,COc1cc(Nc2cncc(Oc3ccc(NC(C)=O)cc3)n2)cc(OC)c1OC,5.26,nM,IC50
CHEMBL520632,COc1cc(Nc2cncc(Oc3ccc4c(c3)/C(=N/O)CC4)n2)cc(OC)c1OC,4.07,nM,IC50
CHEMBL483718,COc1cc(Nc2cncc(Oc3ccc4c(c3)C(=O)CC4)n2)cc(OC)c1OC,4.66,nM,IC50
CHEMBL483297,COc1cc(Nc2cncc(Oc3ccc4c(c3)CCC/C4=N\O)n2)cc(OC)c1OC,4.04,nM,IC50
CHEMBL521305,COc1cc(Nc2cncc(Oc3ccc4c(c3)CCC4=O)n2)cc(OC)c1OC,4.16,nM,IC50
CHEMBL483916,COc1cc(Nc2cncc(Oc3ccc4c(c3)CCCC4=O)n2)cc(OC)c1OC,4.12,nM,IC50
CHEMBL482893,COc1cc(Nc2cncc(Oc3ccc4c(c3)OC(=O)CC4)n2)cc(OC)c1OC,4.36,nM,IC50
CHEMBL483914,COc1cc(Nc2cncc(Oc3ccc4ncccc4c3)n2)cc(OC)c1OC,4.54,nM,IC50
CHEMBL482932,COc1cc(Nc2cncc(Oc3cccc(/C(C)=N/O)c3)n2)cc(OC)c1OC,4.96,nM,IC50
CHEMBL482931,COc1cc(Nc2cncc(Oc3cccc(C(C)=O)c3)n2)cc(OC)c1OC,4.72,nM,IC50
CHEMBL482929,COc1cc(Nc2cncc(Oc3cccc(Cl)c3)n2)cc(OC)c1OC,4.44,nM,IC50
CHEMBL520623,COc1cc(Nc2cncc(Oc3cccc(F)c3)n2)cc(OC)c1OC,4.25,nM,IC50
CHEMBL482927,COc1cc(Nc2cncc(Oc3cccc(NC(C)=O)c3)n2)cc(OC)c1OC,4.89,nM,IC50
CHEMBL483709,COc1cc(Nc2cncc(Oc3cccc4[nH]ccc34)n2)cc(OC)c1OC,5.13,nM,IC50
CHEMBL524507,COc1cc(Nc2cncc(Oc3cccc4c(NC(C)=O)cccc34)n2)cc(OC)c1OC,6.39,nM,IC50
CHEMBL484096,COc1cc(Nc2cncc(Oc3cccc4c3CC/C4=N\O)n2)cc(OC)c1OC,5.85,nM,IC50
CHEMBL483717,COc1cc(Nc2cncc(Oc3cccc4c3CCC4=O)n2)cc(OC)c1OC,4.75,nM,IC50
CHEMBL484301,COc1cc(Nc2cncc(Oc3cccc4c3CCCC4)n2)cc(OC)c1OC,4.75,nM,IC50
CHEMBL519992,COc1cc(Nc2cncc(Oc3cccc4c3CCCC4=O)n2)cc(OC)c1OC,4.54,nM,IC50
CHEMBL484320,COc1cc(Nc2cncc(Oc3cccc4ccccc34)n2)cc(OC)c1OC,5.92,nM,IC50
CHEMBL483915,COc1cc(Nc2cncc(Oc3cccc4cnccc34)n2)cc(OC)c1OC,5.42,nM,IC50
CHEMBL482689,COc1cc(Nc2cncc(Oc3cccc4ncccc34)n2)cc(OC)c1OC,5.0,nM,IC50
CHEMBL482482,COc1cc(Nc2cncc(Oc3ccccc3)n2)cc(OC)c1OC,4.51,nM,IC50
CHEMBL482718,COc1cc(Nc2cncc(Oc3ccccc3-c3ccccc3)n2)cc(OC)c1OC,5.0,nM,IC50
CHEMBL482926,COc1cc(Nc2cncc(Oc3ccccc3F)n2)cc(OC)c1OC,4.35,nM,IC50
CHEMBL482680,COc1cc(Nc2cncc(Oc3cccnc3)n2)cc(OC)c1OC,4.35,nM,IC50
CHEMBL518975,COc1cc(Nc2cncc(Oc3ccnc4ccccc34)n2)cc(OC)c1OC,5.82,nM,IC50
CHEMBL501946,COc1cc(Nc2cncc(Oc3ccncc3)n2)cc(OC)c1OC,4.8,nM,IC50
CHEMBL482681,COc1cc(Nc2cncc(Sc3cccc4ccccc34)n2)cc(OC)c1OC,5.01,nM,IC50
CHEMBL523229,COc1cc(Oc2ccnc3[nH]c(=O)[nH]c23)ccc1NC(=O)Nc1ccc(Cl)c(C(F)(F)F)c1,6.97,nM,IC50
CHEMBL2335908,COc1cc2nc(Nc3ccc([C@@H](C)NC(C)=O)cc3)ncc2cc1-c1ccncc1,6.85,nM,IC50
CHEMBL429743,COc1cc2nccc(Oc3ccc4c(C(=O)Nc5ccc(Cl)cc5)cccc4c3)c2cc1OC,7.4,nM,IC50
CHEMBL3661246,COc1cc2ncnc(Nc3cccc(O)c3)c2cc1-c1ccc(N)cc1,7.12,nM,IC50
CHEMBL3661243,COc1ccc(-c2ccc3ncnc(Nc4cccc(O)c4)c3c2)cc1,6.98,nM,IC50
CHEMBL3661254,COc1ccc(-c2ccc3ncnc(Nc4cccc5[nH]ncc45)c3c2)c(C)c1,6.04,nM,IC50
CHEMBL3661255,COc1ccc(-c2ccc3ncnc(Nc4cccc5[nH]ncc45)c3c2)cc1C,6.13,nM,IC50
CHEMBL3661253,COc1ccc(-c2ccc3ncnc(Nc4cccc5[nH]ncc45)c3c2)cc1Cl,6.62,nM,IC50
CHEMBL3661252,COc1ccc(-c2ccc3ncnc(Nc4cccc5[nH]ncc45)c3c2)cc1F,6.66,nM,IC50
CHEMBL475864,COc1ccc(C(=O)Nc2ccc(C)c(C(=O)Nc3cccnc3)c2)cc1,6.94,nM,IC50
CHEMBL3937040,COc1ccc(C(=O)Nc2cnc(C)c(-c3cc(N4CCOCC4)c(=O)n(C)c3)c2)cc1C(F)(F)F,8.57,nM,IC50
CHEMBL490455,COc1ccc(C(F)(F)F)cc1NC(=O)Nc1ccc(Oc2ccnc3[nH]c(=O)[nH]c23)cc1,7.92,nM,IC50
CHEMBL475044,COc1ccc(NC(=O)c2cc(NC(=O)c3cccc(C(C)(C)C#N)c3)ccc2C)cn1,6.94,nM,IC50
CHEMBL1080437,COc1ccc(NC(=O)c2cccc(C(F)(F)F)c2)cc1-c1ccnc2c(-c3cn[nH]c3)cnn12,7.01,nM,IC50
CHEMBL589802,COc1ccc(NC(=O)c2cccc(OC(F)(F)F)c2)cc1Oc1cccc2[nH]c(=O)[nH]c12,6.47,nM,IC50
CHEMBL201272,COc1ccc(Nc2cncc(-c3cccc(NC(C)=O)c3)n2)c(OC)c1,4.869999999999999,nM,IC50
CHEMBL199798,COc1ccc(Nc2cncc(-c3cccc(NC(C)=O)c3)n2)cc1,4.58,nM,IC50
CHEMBL203093,COc1ccc(Nc2cncc(-c3cccc(NC(C)=O)c3)n2)cc1OC,5.54,nM,IC50
CHEMBL198400,COc1ccc(OCCNc2cncc(-c3cccc(NC(C)=O)c3)n2)cc1,4.33,nM,IC50
CHEMBL1080832,COc1cccc(-c2c(-c3ccncc3)nn3c(-c4ccc(N5CC6CCC(C5)N6C)cc4)ccnc23)c1,7.77,nM,IC50
CHEMBL1080651,COc1cccc(-c2c(-c3ccncc3)nn3c(-c4ccc(N5C[C@@H]6C[C@H]5CN6)cc4)ccnc23)c1,7.92,nM,IC50
CHEMBL1080652,COc1cccc(-c2c(-c3ccncc3)nn3c(-c4ccc(N5C[C@@H]6C[C@H]5CN6)cc4F)ccnc23)c1,9.36,nM,IC50
CHEMBL1080615,COc1cccc(-c2c(-c3ccncc3)nn3c(-c4ccc(N5C[C@@H]6C[C@H]5CN6C)cc4)ccnc23)c1,8.09,nM,IC50
CHEMBL569735,COc1cccc(-c2c(-c3ccncc3)nn3c(C4CC5CCC(C4)N5)ccnc23)c1,7.15,nM,IC50
CHEMBL3661245,COc1cccc(-c2ccc3ncnc(Nc4cccc(O)c4)c3c2)c1,6.86,nM,IC50
CHEMBL3661251,COc1cccc(-c2ccc3ncnc(Nc4cccc5[nH]ncc45)c3c2)c1F,6.86,nM,IC50
CHEMBL1090081,COc1cccc(C(=O)Nc2cccc(-c3ccnc4cc(-c5ccncc5)nn34)c2)c1,5.4,nM,IC50
CHEMBL522581,COc1cccc(CC(=O)Nc2ccc(Oc3ccnc4[nH]c(=O)[nH]c34)cc2)c1,5.0,nM,IC50
CHEMBL5947745,COc1cccc(NC(=O)c2ccc(C)c(-c3cc(N4CCOCC4)c(=O)n(C)c3)c2)c1,7.03,nM,IC50
CHEMBL373006,COc1cccc(Nc2cncc(-c3cccc(NC(C)=O)c3)n2)c1,5.36,nM,IC50
CHEMBL201023,COc1ccccc1Nc1cncc(-c2cccc(NC(C)=O)c2)n1,4.13,nM,IC50
CHEMBL473622,COc1cncc(NC(=O)c2cc(NC(=O)c3cccc(C(C)(C)C#N)c3)ccc2C)c1,7.85,nM,IC50
CHEMBL5789488,COc1cncc(NC(=O)c2ccc(C)c(-c3cc(N4CCOCC4)c(=O)n(C)c3)c2)c1,7.16,nM,IC50
CHEMBL245804,CS(=O)(=O)CCNC(=O)c1cc(CNc2ccccc2C(=O)Nc2ccc3c(c2)OC(F)(F)O3)ccn1,6.66,nM,IC50
CHEMBL570453,CS(=O)(=O)N1C2CCC1CC(c1ccnc3c(-c4cccc5[nH]ncc45)c(-c4ccncc4)nn13)C2,8.31,nM,IC50
CHEMBL246423,CS(=O)(=O)Nc1cc(CNc2ccccc2C(=O)Nc2ccc3c(c2)OC(F)(F)O3)ccn1,6.23,nM,IC50
CHEMBL3661250,CS(=O)(=O)Nc1ccc(-c2ccc3ncnc(Nc4cccc5[nH]ncc45)c3c2)cc1,6.31,nM,IC50
CHEMBL3661249,CS(=O)(=O)Nc1cccc(-c2ccc3ncnc(Nc4cccc(O)c4)c3c2)c1,7.05,nM,IC50
CHEMBL495801,CS(=O)(=O)c1cc(Oc2ccnc3[nH]c(=O)[nH]c23)ccc1NC(=O)Nc1ccc(Cl)c(C(F)(F)F)c1,6.005,nM,IC50
CHEMBL1092541,CSc1cc(Oc2ccnc3[nH]c(=O)[nH]c23)ccc1NC(=O)Nc1cc(C(C)(C)C)nn1-c1ccc(C)cc1,7.1850000000000005,nM,IC50
CHEMBL496202,CSc1cc(Oc2ccnc3[nH]c(=O)[nH]c23)ccc1NC(=O)Nc1cc(C(F)(F)F)ccc1F,6.715,nM,IC50
CHEMBL496201,CSc1cc(Oc2ccnc3[nH]c(=O)[nH]c23)ccc1NC(=O)Nc1ccc(Cl)c(C(F)(F)F)c1,7.605,nM,IC50
CHEMBL496009,CSc1cc(Oc2ccnc3[nH]c(=O)[nH]c23)ccc1NC(=O)Nc1cccc(C(F)(F)F)c1,7.445,nM,IC50
CHEMBL1214000,CSc1cc(Oc2ccnc3[nH]c(=O)c(=O)[nH]c23)ccc1NC(=O)Nc1cc(C(F)(F)F)ccc1F,7.4799999999999995,nM,IC50
CHEMBL1213998,CSc1cc(Oc2ccnc3[nH]c(=O)c(=O)[nH]c23)ccc1NC(=O)Nc1ccc(Cl)c(C(F)(F)F)c1,7.375,nM,IC50
CHEMBL1214057,CSc1cc(Oc2ccnc3[nH]c(=O)c(C)nc23)ccc1NC(=O)Nc1cc(C(C)(C)C)nn1-c1ccc(C)cc1,7.92,nM,IC50
CHEMBL1214055,CSc1cc(Oc2ccnc3[nH]c(=O)c(C)nc23)ccc1NC(=O)Nc1cc(C(C)(C)C)nn1-c1ccccc1,8.11,nM,IC50
CHEMBL1214001,CSc1cc(Oc2ccnc3[nH]c(=O)c(C)nc23)ccc1NC(=O)Nc1cc(C(F)(F)F)ccc1F,7.8549999999999995,nM,IC50
CHEMBL1214056,CSc1cc(Oc2ccnc3[nH]c(=O)cnc23)ccc1NC(=O)Nc1cc(C(C)(C)C)nn1-c1ccc(C)cc1,8.01,nM,IC50
CHEMBL1213999,CSc1cc(Oc2ccnc3[nH]c(=O)cnc23)ccc1NC(=O)Nc1cc(C(F)(F)F)ccc1F,7.555,nM,IC50
CHEMBL1213952,CSc1cc(Oc2ccnc3[nH]c(=O)cnc23)ccc1NC(=O)Nc1ccc(Cl)c(C(F)(F)F)c1,7.565,nM,IC50
CHEMBL1214324,CSc1cc(Oc2ccnc3ncc(=O)[nH]c23)ccc1NC(=O)Nc1cc(C(C)(C)C)nn1-c1ccccc1,6.675,nM,IC50
CHEMBL1214252,CSc1cc(Oc2ccnc3ncc(=O)[nH]c23)ccc1NC(=O)Nc1cc(C(F)(F)F)ccc1F,5.895,nM,IC50
CHEMBL1214251,CSc1cc(Oc2ccnc3ncc(=O)[nH]c23)ccc1NC(=O)Nc1ccc(Cl)c(C(F)(F)F)c1,6.275,nM,IC50
CHEMBL459931,CSc1nc2c(c(=O)[nH]c(=O)n2C)n1Cc1ccccc1,4.52,nM,IC50
CHEMBL2335898,C[C@@H](NC(=O)C1CCCCN1C)c1ccc(Nc2ncc3cc(-c4ccncc4)ccc3n2)cc1,7.35,nM,IC50
CHEMBL2335901,C[C@@H](NC(=O)C1CCNCC1)c1ccc(Nc2ncc3cc(-c4ccncc4)ccc3n2)cc1,6.64,nM,IC50
CHEMBL2335897,C[C@@H](NC(=O)[C@H]1CCCCN1)c1ccc(Nc2ncc3cc(-c4ccncc4)ccc3n2)cc1,6.97,nM,IC50
CHEMBL4282468,C[C@@H](NC(=O)[C@H]1CCCCN1C)c1ccc(Nc2ncc3cc(-c4ccncc4)ccc3n2)cc1,6.65,nM,IC50
CHEMBL2335899,C[C@@H](NC(=O)[C@H]1CCCCN1CCO)c1ccc(Nc2ncc3cc(-c4ccncc4)ccc3n2)cc1,6.99,nM,IC50
CHEMBL2335902,C[C@@H](NC(=O)[C@H]1CCCN1)c1ccc(Nc2ncc3cc(-c4ccncc4)ccc3n2)cc1,6.67,nM,IC50
CHEMBL2335900,C[C@@H](NC(=O)[C@H]1CCCNC1)c1ccc(Nc2ncc3cc(-c4ccncc4)ccc3n2)cc1,6.59,nM,IC50
CHEMBL2335904,C[C@@H](NC1=CC(=O)CC1)c1ccc(Nc2ncc3cc(-c4ccncc4)ccc3n2)cc1,7.03,nM,IC50
CHEMBL2335903,C[C@@H](NC1=CC(=O)CCC1)c1ccc(Nc2ncc3cc(-c4ccncc4)ccc3n2)cc1,7.43,nM,IC50
CHEMBL2335906,C[C@@H](NC1=CC(=O)CNC1)c1ccc(Nc2ncc3cc(-c4ccncc4)ccc3n2)cc1,7.41,nM,IC50
CHEMBL2335905,C[C@@H](NC1=CC(=O)NCC1)c1ccc(Nc2ncc3cc(-c4ccncc4)ccc3n2)cc1,6.8,nM,IC50
CHEMBL523905,Cc1c(NC(=O)Nc2ccc(Cl)c(C(F)(F)F)c2)ccc(Oc2ccnc3[nH]c(=O)[nH]c23)c1C,6.33,nM,IC50
CHEMBL5938245,Cc1c(Nc2c(F)c(F)cc(NS(=O)(=O)CCCF)c2Cl)ccc2ncn(C)c(=O)c12,8.84,nM,IC50
CHEMBL6040397,Cc1c(Nc2c(F)c(F)cc(NS(=O)(=O)CCCF)c2F)ccc2ncn(C)c(=O)c12,8.76,nM,IC50
CHEMBL5095256,Cc1c(Nc2c(F)ccc(NS(=O)(=O)CCCF)c2Cl)ccc2ncn(C)c(=O)c12,8.469999999999999,nM,IC50
CHEMBL5957718,Cc1c(Nc2c(F)ccc(NS(=O)(=O)N3CCCC3)c2Cl)ccc2ncn(C)c(=O)c12,7.46,nM,IC50
CHEMBL5806587,Cc1c(Nc2c(F)ccc(NS(=O)(=O)c3ccco3)c2Cl)ccc2ncn(C)c(=O)c12,9.15,nM,IC50
CHEMBL5739974,Cc1c(Nc2c(F)cnc(NS(=O)(=O)CCCF)c2Cl)ccc2ncn(C)c(=O)c12,8.21,nM,IC50
CHEMBL5988590,Cc1c(Nc2c(F)cnc(NS(=O)(=O)CCCF)c2F)ccc2ncn(C)c(=O)c12,8.01,nM,IC50
CHEMBL498468,Cc1c[nH]nc1-c1ccc(-c2cn(C)nc2-c2ccncc2)cc1,8.36,nM,IC50
CHEMBL1253867,Cc1c[nH]nc1-c1ccc(-c2nc(-c3ccc(OCCN(C)C)cc3)[nH]c2-c2ccncc2)cc1,5.8100000000000005,nM,IC50
CHEMBL598652,Cc1cc(C(=O)Nc2cccc(Oc3cccc4[nH]c(=O)[nH]c34)c2)n(C)n1,4.1,nM,IC50
CHEMBL518187,Cc1cc(C)n(-c2nc3c(c(=O)n(C)c(=O)n3C)n2Cc2ccccc2)n1,4.24,nM,IC50
CHEMBL522724,Cc1cc(NC(=O)Nc2ccc(Cl)c(C(F)(F)F)c2)ccc1Oc1ccnc2[nH]c(=O)[nH]c12,5.9350000000000005,nM,IC50
CHEMBL1092465,Cc1cc(NC(=O)Nc2ccc(Oc3ccnc4[nH]c(=O)[nH]c34)cc2)n(-c2ccc(Cl)cc2)n1,5.35,nM,IC50
CHEMBL524801,Cc1cc(Oc2ccnc3[nH]c(=O)[nH]c23)ccc1NC(=O)Nc1ccc(Cl)c(C(F)(F)F)c1,6.38,nM,IC50
CHEMBL1213973,Cc1ccc(-n2nc(C(C)(C)C)cc2NC(=O)Nc2ccc(C)c(Nc3nccc(-c4cccnc4)n3)c2)cc1,6.38,nM,IC50
CHEMBL103667,Cc1ccc(-n2nc(C(C)(C)C)cc2NC(=O)Nc2ccc(OCCN3CCOCC3)c3ccccc23)cc1,7.08,nM,IC50
CHEMBL1090975,Cc1ccc(-n2nc(C(C)(C)C)cc2NC(=O)Nc2ccc(Oc3ccnc4[nH]c(=O)[nH]c34)c3ccccc23)cc1,7.01,nM,IC50
CHEMBL1092817,Cc1ccc(-n2nc(C(C)(C)C)cc2NC(=O)Nc2ccc(Oc3ccnc4[nH]c(=O)[nH]c34)cc2)cc1,6.615,nM,IC50
CHEMBL1091849,Cc1ccc(-n2nc(C(C)(C)C)cc2NC(=O)Nc2ccc(Oc3ccnc4[nH]c(=O)[nH]c34)cc2F)cc1,7.18,nM,IC50
CHEMBL1212951,Cc1ccc(-n2nc(C(C)(C)C)cc2NC(=O)Nc2ccc(Oc3ccnc4[nH]c(=O)c(=O)[nH]c34)cc2F)cc1,7.085,nM,IC50
CHEMBL1214135,Cc1ccc(-n2nc(C(C)(C)C)cc2NC(=O)Nc2ccc(Oc3ccnc4[nH]c(=O)c(C)nc34)c3ccccc23)cc1,7.65,nM,IC50
CHEMBL1214136,Cc1ccc(-n2nc(C(C)(C)C)cc2NC(=O)Nc2ccc(Oc3ccnc4[nH]c(=O)c(N)nc34)c3ccccc23)cc1,7.485,nM,IC50
CHEMBL1213886,Cc1ccc(-n2nc(C(C)(C)C)cc2NC(=O)Nc2ccc(Oc3ccnc4[nH]c(=O)c(N)nc34)cc2F)cc1,7.23,nM,IC50
CHEMBL1214134,Cc1ccc(-n2nc(C(C)(C)C)cc2NC(=O)Nc2ccc(Oc3ccnc4[nH]c(=O)cnc34)c3ccccc23)cc1,7.55,nM,IC50
CHEMBL1213823,Cc1ccc(-n2nc(C(C)(C)C)cc2NC(=O)Nc2ccc(Oc3ccnc4[nH]c(=O)cnc34)cc2)cc1,6.81,nM,IC50
CHEMBL1213951,Cc1ccc(-n2nc(C(C)(C)C)cc2NC(=O)Nc2ccc(Oc3ccnc4[nH]c(=O)cnc34)cc2F)cc1,7.405,nM,IC50
CHEMBL1090979,Cc1ccc(-n2nc(C(C)(C)C)cc2NC(=O)Nc2ccc(Oc3ccnc4[nH]c(=O)n(C)c34)c3ccccc23)cc1,6.609999999999999,nM,IC50
CHEMBL1089347,Cc1ccc(-n2nc(C(C)(C)C)cc2NC(=O)Nc2ccc(Oc3ccnc4[nH]c(=O)n(C)c34)cc2)cc1,6.875,nM,IC50
CHEMBL1214438,Cc1ccc(-n2nc(C(C)(C)C)cc2NC(=O)Nc2ccc(Oc3ccnc4[nH]c(S)nc34)cc2F)cc1,6.885,nM,IC50
CHEMBL1214385,Cc1ccc(-n2nc(C(C)(C)C)cc2NC(=O)Nc2ccc(Oc3ccnc4[nH]nnc34)cc2F)cc1,5.6850000000000005,nM,IC50
CHEMBL1214440,Cc1ccc(-n2nc(C(C)(C)C)cc2NC(=O)Nc2ccc(Oc3ccnc4c3NCC(=O)N4)cc2F)cc1,7.625,nM,IC50
CHEMBL1090981,Cc1ccc(-n2nc(C(C)(C)C)cc2NC(=O)Nc2ccc(Oc3ccnc4c3[nH]c(=O)n4C)c3ccccc23)cc1,6.18,nM,IC50
CHEMBL1091430,Cc1ccc(-n2nc(C(C)(C)C)cc2NC(=O)Nc2ccc(Oc3ccnc4c3[nH]c(=O)n4C)cc2)cc1,6.595,nM,IC50
CHEMBL1090289,Cc1ccc(-n2nc(C(C)(C)C)cc2NC(=O)Nc2ccc(Oc3ccnc4c3[nH]c(=O)n4C)cc2)cc1.O=C(O)CC(O)(CC(=O)O)C(=O)O,6.48,nM,IC50
CHEMBL1092183,Cc1ccc(-n2nc(C(C)(C)C)cc2NC(=O)Nc2ccc(Oc3ccnc4c3[nH]c(=O)n4C)cc2F)cn1,6.745,nM,IC50
CHEMBL1091431,Cc1ccc(-n2nc(C(C)(C)C)cc2NC(=O)Nc2ccc(Oc3ccnc4c3n(C)c(=O)n4C)cc2)cc1,6.234999999999999,nM,IC50
CHEMBL1092540,Cc1ccc(-n2nc(C(C)(C)C)cc2NC(=O)Nc2ccc(Oc3ccnc4c3n(C)c(=O)n4C)cc2F)cc1,6.615,nM,IC50
CHEMBL1214383,Cc1ccc(-n2nc(C(C)(C)C)cc2NC(=O)Nc2ccc(Oc3ccnc4nc(C)c(=O)[nH]c34)c3ccccc23)cc1,5.76,nM,IC50
CHEMBL1214250,Cc1ccc(-n2nc(C(C)(C)C)cc2NC(=O)Nc2ccc(Oc3ccnc4nc(N)c(=O)[nH]c34)cc2F)cc1,6.905,nM,IC50
CHEMBL1213759,Cc1ccc(-n2nc(C(C)(C)C)cc2NC(=O)Nc2ccc(Oc3ccnc4nc(N5CCOCC5)cnc34)cc2F)cc1,6.55,nM,IC50
CHEMBL1214196,Cc1ccc(-n2nc(C(C)(C)C)cc2NC(=O)Nc2ccc(Oc3ccnc4ncc(=O)[nH]c34)cc2)cc1,5.92,nM,IC50
CHEMBL1090706,Cc1ccc(-n2nc(C(C)(C)C)cc2NC(=O)Nc2ccc(Sc3ccnc4[nH]c(=O)[nH]c34)cc2)cc1,6.145,nM,IC50
CHEMBL606192,Cc1ccc(-n2nc(C(C)(C)C)cc2NC(=O)Nc2cccc(Oc3cccc4[nH]c(=O)[nH]c34)c2)cc1,6.484999999999999,nM,IC50
CHEMBL1214562,Cc1ccc(-n2nc(C(C)(C)C)cc2NC(=O)Nc2cccc(Oc3ccnc4[nH]c(=O)c(C)nc34)c2)cc1,7.02,nM,IC50
CHEMBL1214507,Cc1ccc(-n2nc(C(C)(C)C)cc2NC(=O)Nc2cccc(Oc3ccnc4[nH]c(=O)cnc34)c2)cc1,6.81,nM,IC50
CHEMBL1214561,Cc1ccc(-n2nc(C(C)(C)C)cc2NC(=O)Nc2cccc(Oc3ccnc4ncc(=O)[nH]c34)c2)cc1,6.175000000000001,nM,IC50
CHEMBL598004,Cc1ccc(-n2nc(C(C)(C)C)cc2NC(=O)c2cccc(Oc3cccc4[nH]c(=O)[nH]c34)c2)cc1,5.960000000000001,nM,IC50
CHEMBL1093064,Cc1ccc(-n2nc(C(F)(F)F)cc2NC(=O)Nc2ccc(Oc3ccnc4[nH]c(=O)n(C)c34)cc2)cc1,6.125,nM,IC50
CHEMBL599851,Cc1ccc(-n2nc(C(F)(F)F)cc2NC(=O)Nc2cccc(Oc3cccc4[nH]c(=O)[nH]c34)c2)cc1,5.86,nM,IC50
CHEMBL598005,Cc1ccc(-n2nc(C(F)(F)F)cc2NC(=O)c2cccc(Oc3cccc4[nH]c(=O)[nH]c34)c2)cc1,5.5649999999999995,nM,IC50
CHEMBL6010130,Cc1ccc(C(=O)Nc2cccc(-c3nnco3)c2)cc1-c1cc(N2CCOCC2)c(=O)n(C)c1,7.81,nM,IC50
CHEMBL6038452,Cc1ccc(C(=O)Nc2cccc(C(C)(C)C#N)c2)cc1-c1cc(N2CCOCC2)c(=O)n(C)c1,8.43,nM,IC50
CHEMBL6030987,Cc1ccc(C(=O)Nc2cccc(C(C)(C)O)c2)cc1-c1cc(N2CCOCC2)c(=O)n(C)c1,8.2,nM,IC50
CHEMBL5777466,Cc1ccc(C(=O)Nc2cccc(C(C)C)c2)cc1-c1cc(N2CCOCC2)c(=O)n(C)c1,8.42,nM,IC50
CHEMBL385956,Cc1ccc(C(=O)Nc2cccc(C(F)(F)F)c2)cc1Nc1ncccc1-c1ccncn1,8.58,nM,IC50
CHEMBL5740769,Cc1ccc(C(=O)Nc2cccc(C(F)F)c2)cc1-c1cc(N2CCOCC2)c(=O)n(C)c1,8.8,nM,IC50
CHEMBL5957535,Cc1ccc(C(=O)Nc2cccc(OC(F)(F)F)c2)cc1-c1cc(N2CCOCC2)c(=O)n(C)c1,7.48,nM,IC50
CHEMBL6043042,Cc1ccc(C(=O)Nc2ccccc2)cc1-c1cc(N2CCOCC2)c(=O)n(C)c1,7.47,nM,IC50
CHEMBL5807198,Cc1ccc(C(=O)Nc2ccccn2)cc1-c1cc(N2CCOCC2)c(=O)n(C)c1,7.0,nM,IC50
CHEMBL5921999,Cc1ccc(C(=O)Nc2cccnc2)cc1-c1cc(N2CCOCC2)c(=O)n(C)c1,6.7,nM,IC50
CHEMBL1213924,Cc1ccc(NC(=O)Nc2ccc(Cl)c(C(F)(F)F)c2)cc1Nc1nccc(-c2cccnc2)n1,6.74,nM,IC50
CHEMBL3975494,Cc1ccc(NC(=O)c2cc(C(F)(F)F)cc(S(C)(=O)=O)c2)cc1-c1cc(N2CCOCC2)c(=O)n(C)c1,8.61,nM,IC50
CHEMBL503699,Cc1ccc(NC(=O)c2cc(NC(=O)c3cccc(C(C)(C)C#N)c3)ccc2C)cn1,7.32,nM,IC50
CHEMBL475865,Cc1ccc(NC(=O)c2ccc(Cl)c(C(F)(F)F)c2)cc1C(=O)Nc1cccnc1,8.05,nM,IC50
CHEMBL480390,Cc1ccc(NC(=O)c2cccc(C#N)c2)cc1C(=O)Nc1cccnc1,6.62,nM,IC50
CHEMBL482577,Cc1ccc(NC(=O)c2cccc(C(C)(C)C#N)c2)cc1C(=O)Nc1ccc(C#N)nc1,6.69,nM,IC50
CHEMBL492397,Cc1ccc(NC(=O)c2cccc(C(C)(C)C#N)c2)cc1C(=O)Nc1ccc(C(C#N)N(C)C)nc1,7.32,nM,IC50
CHEMBL515453,Cc1ccc(NC(=O)c2cccc(C(C)(C)C#N)c2)cc1C(=O)Nc1ccc(N)nc1,7.85,nM,IC50
CHEMBL514026,Cc1ccc(NC(=O)c2cccc(C(C)(C)C#N)c2)cc1C(=O)Nc1ccc(N2CCOCC2)nc1,7.1,nM,IC50
CHEMBL480389,Cc1ccc(NC(=O)c2cccc(C(C)(C)C#N)c2)cc1C(=O)Nc1cccnc1,8.15,nM,IC50
CHEMBL475799,Cc1ccc(NC(=O)c2cccc(C(C)(C)C#N)c2)cc1C(=O)Nc1cnc(N)c(Cl)c1,7.8,nM,IC50
CHEMBL475794,Cc1ccc(NC(=O)c2cccc(C(C)(C)C#N)c2)cc1C(=O)Nc1cncc(Cl)c1,7.46,nM,IC50
CHEMBL3914464,Cc1ccc(NC(=O)c2cccc(C(C)(F)F)c2)cc1-c1cc(N2CCOCC2)c(=O)n(C)c1,9.15,nM,IC50
CHEMBL471794,Cc1ccc(NC(=O)c2cccc(C(C)C)c2)cc1C(=O)Nc1cccnc1,7.82,nM,IC50
CHEMBL3956654,Cc1ccc(NC(=O)c2cccc(C(F)(F)F)c2)cc1-c1cc(N2CCOCC2)ncn1,9.52,nM,IC50
CHEMBL3984282,Cc1ccc(NC(=O)c2cccc(C(F)(F)F)c2)cc1-c1cc(N2CCOCC2=O)nc(N2CCOCC2)n1,9.3,nM,IC50
CHEMBL5766192,Cc1ccc(NC(=O)c2cccc(C(F)(F)F)c2)cc1-c1cc(OCc2ccccc2)cc(N2CCOCC2)n1,8.17,nM,IC50
CHEMBL454104,Cc1ccc(NC(=O)c2cccc(C(F)(F)F)c2)cc1C(=O)Nc1cccnc1,8.15,nM,IC50
CHEMBL514670,Cc1ccc(NC(=O)c2cccc(C(F)(F)F)c2)cc1C(=O)Nc1cnc(N)c(Cl)c1,7.92,nM,IC50
CHEMBL481563,Cc1ccc(NC(=O)c2cccc(C(F)(F)F)c2)cc1NC(=O)c1ccc2ncccc2c1,8.7,nM,IC50
CHEMBL475431,Cc1ccc(NC(=O)c2cccc(C(F)(F)F)c2)cc1NC(=O)c1ccc2nccnc2c1,9.0,nM,IC50
CHEMBL482304,Cc1ccc(NC(=O)c2cccc(C(F)(F)F)c2)cc1NC(=O)c1ccccn1,6.24,nM,IC50
CHEMBL507803,Cc1ccc(NC(=O)c2cccc(C(F)(F)F)c2)cc1NC(=O)c1cccnc1,7.31,nM,IC50
CHEMBL475433,Cc1ccc(NC(=O)c2cccc(C(F)(F)F)c2)cc1NC(=O)c1ccncc1,4.68,nM,IC50
CHEMBL480918,Cc1ccc(NC(=O)c2cccc(C(F)(F)F)c2)cc1NC(=O)c1cnc2ccccc2c1,8.3,nM,IC50
CHEMBL520111,Cc1ccc(NC(=O)c2cccc(C(F)(F)F)c2)cc1NC(=O)c1cnc2ccccc2n1,4.98,nM,IC50
CHEMBL480184,Cc1ccc(NC(=O)c2cccc(C(F)(F)F)c2)cc1NC(=O)c1cnccn1,5.92,nM,IC50
CHEMBL498905,Cc1ccc(NC(=O)c2cccc(C(F)(F)F)c2)cc1NC(=O)c1cncnc1,6.2,nM,IC50
CHEMBL6016226,Cc1ccc(NC(=O)c2cccc(C(F)F)c2)cc1-c1cc(N2CCOCC2)nc(N2CC(O)C2)c1,9.07,nM,IC50
CHEMBL480201,Cc1ccc(NC(=O)c2cccc(Cl)c2)cc1C(=O)Nc1cccnc1,7.92,nM,IC50
CHEMBL511661,Cc1ccc(NC(=O)c2cccc(F)c2)cc1C(=O)Nc1cccnc1,6.49,nM,IC50
CHEMBL480200,Cc1ccc(NC(=O)c2cccc(N(C)C)c2)cc1C(=O)Nc1cccnc1,7.8,nM,IC50
CHEMBL186526,Cc1ccc(NC(=O)c2cccc(N(C)C)c2)cc1NC(=O)c1ccc(O)cc1,6.64,nM,IC50
CHEMBL481681,Cc1ccc(NC(=O)c2cccc(OC(C)C)c2)cc1C(=O)Nc1cccnc1,7.82,nM,IC50
CHEMBL520252,Cc1ccc(NC(=O)c2cccc(OCC(C)C)c2)cc1C(=O)Nc1cccnc1,7.55,nM,IC50
CHEMBL3923479,Cc1ccc(NC(=O)c2cccc(S(C)(=O)=O)c2)cc1-c1cc(N2CCOCC2)c(=O)n(C)c1,8.74,nM,IC50
CHEMBL6011444,Cc1ccc(NC(=O)c2cccc(S(C)(=O)=O)c2)cc1-c1cc(N2CCOCC2)nc(N2CC(C)(O)C2)c1,8.73,nM,IC50
CHEMBL480551,Cc1ccc(NC(=O)c2cccc(S(C)(=O)=O)c2)cc1C(=O)Nc1cccnc1,7.96,nM,IC50
CHEMBL475866,Cc1ccc(NC(=O)c2cccc(S(N)(=O)=O)c2)cc1C(=O)Nc1cccnc1,7.52,nM,IC50
CHEMBL3942212,Cc1ccc(NC(=O)c2ccnc(C(C)(C)C#N)c2)cc1-c1cc(N2CCOCC2)c(=O)n(C)n1,8.02,nM,IC50
CHEMBL3985343,Cc1ccc(NC(=O)c2ccnc(C(C)(C)C#N)c2)cc1-c1cc(N2CCOCC2)ncn1,8.32,nM,IC50
CHEMBL3945935,Cc1ccc(NC(=O)c2ccnc(C(C)(F)F)c2)cc1-c1cc(N2CCOCC2)c(=O)n(C)c1,9.07,nM,IC50
CHEMBL5795169,Cc1ccc(NC(=O)c2ccnc(C(C)(F)F)c2)cc1-c1cc(N2CCOCC2)nc(N2CC(O)C2)c1,9.17,nM,IC50
CHEMBL3909119,Cc1ccc(NC(=O)c2ccnc(C(F)(F)F)c2)cc1-c1cc(N2CCOCC2)c(=O)n(C)c1,9.04,nM,IC50
CHEMBL3960706,Cc1ccc(NC(=O)c2ccnc(C(F)F)c2)cc1-c1cc(N2CCOCC2)c(=O)n(C)c1,8.14,nM,IC50
CHEMBL3947882,Cc1ccc(NC(=O)c2ccnc(C(F)F)c2)cc1-c1cc(N2CCOCC2)c(=O)n(C)n1,8.32,nM,IC50
CHEMBL5771633,Cc1ccc(NC(=O)c2ccnc(C(F)F)c2)cc1-c1cc(N2CCOCC2)nc(N2CC(C)(O)C2)c1,8.76,nM,IC50
CHEMBL5765497,Cc1ccc(NC(=O)c2ccnc(C3(C#N)CC3)c2)cc1-c1cc(N2CCOCC2)nc(N2CC(O)C2)c1,8.68,nM,IC50
CHEMBL3959933,Cc1ccc(NC(=O)c2ccnc(S(C)(=O)=O)c2)cc1-c1cc(N2CCOCC2)c(=O)n(C)c1,8.66,nM,IC50
CHEMBL3904667,Cc1ccc(NC(=O)c2cncc(N(C)C)c2)cc1-c1cc(N2CCOCC2)c(=O)n(C)c1,8.81,nM,IC50
CHEMBL5802638,Cc1ccc(NC(=O)c2cnnc(C(F)(F)F)c2)cc1-c1cc(N2CCOCC2)nc(N2CC(C)(O)C2)c1,8.52,nM,IC50
CHEMBL6063143,Cc1ccc(NC(=O)c2cnnc(C3CC3)c2)cc1-c1cc(N2CCOCC2)nc(N2CC(C)(O)C2)c1,8.64,nM,IC50
CHEMBL5864056,Cc1ccc(NC(=O)c2cnncc2C(F)F)cc1-c1cc(N2CCOCC2)nc(N2CC(O)C2)c1,6.17,nM,IC50
CHEMBL565884,Cc1ccc2c(Nc3ccc(Cl)cc3)nccc2c1Nc1ncccc1-c1ccncn1,7.970000000000001,nM,IC50
CHEMBL3215582,Cc1ccc2c(Nc3ccc(Cl)cc3)nccc2c1Nc1ncccc1-c1ncnc2[nH]cnc12.Cl.Cl.Cl,8.77,nM,IC50
CHEMBL571703,Cc1ccc2c(Nc3cccc(C(F)(F)F)c3)nccc2c1Nc1ncccc1-c1ccncn1,7.525,nM,IC50
CHEMBL471793,Cc1cccc(C(=O)Nc2ccc(C)c(C(=O)Nc3cccnc3)c2)c1,7.8,nM,IC50
CHEMBL410295,Cc1cccc(C)c1-n1c(=O)c2cnc(Nc3ccc(N4CCN(C)CC4)cc3)nc2n2c3ccccc3nc12,6.27,nM,IC50
CHEMBL5834834,Cc1cn(-c2cc(NC(=O)c3ccc(C)c(-c4cc(N5CCOCC5)c(=O)n(C)c4)c3)cc(C(F)(F)F)c2)cn1,8.0,nM,IC50
CHEMBL519143,Cc1cncc(NC(=O)c2cc(NC(=O)c3cccc(C(C)(C)C#N)c3)ccc2C)c1,7.8,nM,IC50
CHEMBL6047585,Cc1nc(-c2cccc(NC(=O)c3ccc(C)c(-c4cc(N5CCOCC5)c(=O)n(C)c4)c3)c2)no1,7.56,nM,IC50
CHEMBL1214132,Cc1nc2c(Oc3ccc(NC(=O)Nc4cc(C(C)(C)C)nn4-c4ccccc4)c4ccccc34)ccnc2[nH]c1=O,7.635,nM,IC50
CHEMBL1214614,Cc1nc2c(Oc3ccc(NC(=O)Nc4cc(C(F)(F)F)ccc4F)c(F)c3)ccnc2[nH]c1=O,7.375,nM,IC50
CHEMBL1214058,Cc1nc2c(Oc3ccc(NC(=O)Nc4cc(C(F)(F)F)ccc4F)c4ccccc34)ccnc2[nH]c1=O,7.805,nM,IC50
CHEMBL1214619,Cc1nc2c(Oc3cccc(NC(=O)c4cccc(C(C)(C)C)c4)c3)ccnc2[nH]c1=O,6.92,nM,IC50
CHEMBL1214198,Cc1nc2nccc(Oc3ccc(NC(=O)Nc4cc(C(C)(C)C)nn4-c4ccccc4)c(F)c3)c2[nH]c1=O,5.74,nM,IC50
CHEMBL1214381,Cc1nc2nccc(Oc3ccc(NC(=O)Nc4cc(C(C)(C)C)nn4-c4ccccc4)c4ccccc34)c2[nH]c1=O,6.185,nM,IC50
CHEMBL1214615,Cc1nc2nccc(Oc3ccc(NC(=O)Nc4cc(C(F)(F)F)ccc4F)c(F)c3)c2[nH]c1=O,5.645,nM,IC50
CHEMBL1214326,Cc1nc2nccc(Oc3ccc(NC(=O)Nc4cc(C(F)(F)F)ccc4F)c4ccccc34)c2[nH]c1=O,6.22,nM,IC50
CHEMBL6053803,Cc1ncc(C(=O)Nc2cccc(C(C)(C)C#N)c2)cc1-c1cc(N2CCOCC2)c(=O)n(C)c1,7.35,nM,IC50
CHEMBL5991087,Cc1ncc(C(=O)Nc2cccc(C(F)(F)F)c2)cc1-c1cc(N2CCOCC2)c(=O)n(C)c1,8.21,nM,IC50
CHEMBL5818028,Cc1ncc(C(=O)Nc2cccc(C(F)F)c2)cc1-c1cc(N2CCOCC2)c(=O)n(C)c1,7.92,nM,IC50
CHEMBL6012383,Cc1ncc(NC(=O)c2cc(CN(C)C)cc(C(F)(F)F)c2)cc1-c1cc(N2CCOCC2)nc(N2CC(O)C2)c1,6.97,nM,IC50
CHEMBL6059638,Cc1ncc(NC(=O)c2cccc(C(F)F)c2)cc1-c1cc(N2CCOCC2)nc(N2CC(O)C2)c1,8.33,nM,IC50
CHEMBL5904831,Cc1ncc(NC(=O)c2cccc(S(C)(=O)=O)c2)cc1-c1cc(N2CCOCC2)nc(N2CC(O)C2)c1,7.64,nM,IC50
CHEMBL5804284,Cc1ncc(NC(=O)c2ccnc(C(C)(C)C#N)c2)cc1-c1cc(N2CCOCC2)nc(N2CC(O)C2)c1,7.46,nM,IC50
CHEMBL5894385,Cc1ncc(NC(=O)c2ccnc(C(C)(C)C)c2)cc1-c1cc(N2CCOCC2)nc(N2CC(O)C2)c1,7.15,nM,IC50
CHEMBL5880863,Cc1ncc(NC(=O)c2ccnc(C(C)(C)O)c2)cc1-c1cc(N2CCOCC2)nc(N2CC(O)C2)c1,7.24,nM,IC50
CHEMBL5824460,Cc1ncc(NC(=O)c2ccnc(C(C)(F)F)c2)cc1-c1cc(N2CCOCC2)nc(N2CC(O)C2)c1,7.89,nM,IC50
CHEMBL6048562,Cc1ncc(NC(=O)c2ccnc(C(C)C)c2)cc1-c1cc(N2CCOCC2)nc(N2CC(O)C2)c1,8.19,nM,IC50
CHEMBL5937697,Cc1ncc(NC(=O)c2ccnc(C(F)(F)F)c2)cc1-c1cc(N2CCOCC2)nc(N2CC(O)C2)c1,8.39,nM,IC50
CHEMBL5747983,Cc1ncc(NC(=O)c2ccnc(S(C)(=O)=O)c2)cc1-c1cc(N2CCOCC2)nc(N2CC(O)C2)c1,7.29,nM,IC50
CHEMBL3661257,Clc1ccc(-c2ccc3ncnc(Nc4cccc5[nH]ncc45)c3c2)cc1,6.54,nM,IC50
CHEMBL518163,Cn1c(=O)[nH]c(=O)c2c1nc(N/N=C\c1ccc([N+](=O)[O-])cc1)n2Cc1ccccc1,4.24,nM,IC50
CHEMBL454028,Cn1c(=O)[nH]c(=O)c2c1nc(S)n2Cc1ccc(Cl)cc1,5.68,nM,IC50
CHEMBL517286,Cn1c(=O)[nH]c(=O)c2c1nc(SCC(N)=O)n2Cc1cccc(Br)c1,4.96,nM,IC50
CHEMBL1090980,Cn1c(=O)[nH]c2c(Oc3ccc(NC(=O)Nc4cc(C(C)(C)C)nn4-c4ccccc4)c4ccccc34)ccnc21,6.365,nM,IC50
CHEMBL1092771,Cn1c(=O)[nH]c2c(Oc3ccc(NC(=O)Nc4cc(C(C)(C)C)nn4-c4ccccc4)cc3)ccnc21,6.475,nM,IC50
CHEMBL489856,Cn1c(=O)[nH]c2c(Oc3ccc(NC(=O)Nc4cc(C(F)(F)F)ccc4F)c4ccccc34)ccnc21,6.24,nM,IC50
CHEMBL523278,Cn1c(=O)[nH]c2c(Oc3ccc(NC(=O)Nc4cc(C(F)(F)F)ccc4F)cc3)ccnc21,7.34,nM,IC50
CHEMBL487719,Cn1c(=O)[nH]c2c(Oc3ccc(NC(=O)Nc4ccc(Cl)c(C(F)(F)F)c4)c4ccccc34)ccnc21,6.154999999999999,nM,IC50
CHEMBL523129,Cn1c(=O)[nH]c2c(Oc3ccc(NC(=O)Nc4ccc(Cl)c(C(F)(F)F)c4)cc3)ccnc21,7.35,nM,IC50
CHEMBL523907,Cn1c(=O)[nH]c2c(Oc3ccc(NC(=O)Nc4cccc(C(C)(C)C)c4)c4ccccc34)ccnc21,5.355,nM,IC50
CHEMBL489823,Cn1c(=O)[nH]c2c(Oc3ccc(NC(=O)Nc4cccc(C(C)(C)C)c4)cc3)ccnc21,7.22,nM,IC50
CHEMBL1090976,Cn1c(=O)[nH]c2nccc(Oc3ccc(NC(=O)Nc4cc(C(C)(C)C)nn4-c4ccc(F)cc4)c4ccccc34)c21,6.98,nM,IC50
CHEMBL1093704,Cn1c(=O)[nH]c2nccc(Oc3ccc(NC(=O)Nc4cc(C(C)(C)C)nn4-c4ccc(F)cc4)cc3)c21,6.37,nM,IC50
CHEMBL1090977,Cn1c(=O)[nH]c2nccc(Oc3ccc(NC(=O)Nc4cc(C(C)(C)C)nn4-c4ccccc4)c4ccccc34)c21,7.16,nM,IC50
CHEMBL1093364,Cn1c(=O)[nH]c2nccc(Oc3ccc(NC(=O)Nc4cc(C(C)(C)C)nn4-c4ccccc4)cc3)c21,6.73,nM,IC50
CHEMBL1090978,Cn1c(=O)[nH]c2nccc(Oc3ccc(NC(=O)Nc4cc(C(C)(C)C)nn4-c4cccnc4)c4ccccc34)c21,6.55,nM,IC50
CHEMBL1089014,Cn1c(=O)[nH]c2nccc(Oc3ccc(NC(=O)Nc4cc(C(C)(C)C)nn4-c4cccnc4)cc3)c21,6.245,nM,IC50
CHEMBL524068,Cn1c(=O)[nH]c2nccc(Oc3ccc(NC(=O)Nc4cc(C(F)(F)F)ccc4F)c4ccccc34)c21,6.93,nM,IC50
CHEMBL1093065,Cn1c(=O)[nH]c2nccc(Oc3ccc(NC(=O)Nc4cc(C5CC5)nn4-c4ccccc4)cc3)c21,5.79,nM,IC50
CHEMBL498458,Cn1c(=O)[nH]c2nccc(Oc3ccc(NC(=O)Nc4ccc(Cl)c(C(F)(F)F)c4)c(F)c3)c21,6.0,nM,IC50
CHEMBL498459,Cn1c(=O)[nH]c2nccc(Oc3ccc(NC(=O)Nc4ccc(Cl)c(C(F)(F)F)c4)c4ccccc34)c21,6.875,nM,IC50
CHEMBL485302,Cn1c(=O)[nH]c2nccc(Oc3ccc(NC(=O)Nc4ccc(Cl)c(C(F)(F)F)c4)cc3)c21,7.66,nM,IC50
CHEMBL496081,Cn1c(=O)[nH]c2nccc(Oc3ccc(NC(=O)Nc4cccc(C(C)(C)C)c4)c4ccccc34)c21,6.699999999999999,nM,IC50
CHEMBL490841,Cn1c(=O)[nH]c2nccc(Oc3ccc(NC(=O)Nc4cccc(C(C)(C)C)c4)cc3)c21,6.79,nM,IC50
CHEMBL487717,Cn1c(=O)[nH]c2nccc(Oc3ccc(NC(=O)Nc4cccc(C(F)(F)F)c4)c4ccccc34)c21,7.109999999999999,nM,IC50
CHEMBL487718,Cn1c(=O)[nH]c2nccc(Oc3ccc(NC(=O)Nc4cccc(SC(F)(F)F)c4)c4ccccc34)c21,6.73,nM,IC50
CHEMBL496410,Cn1c(=O)[nH]c2nccc(Oc3ccc(NC(=O)c4cccc(OC(F)(F)F)c4)c4ccccc34)c21,4.895,nM,IC50
CHEMBL497017,Cn1c(=O)[nH]c2nccc(Oc3ccc(NC(=O)c4cccc(SC(F)(F)F)c4)c4ccccc34)c21,5.04,nM,IC50
CHEMBL1092188,Cn1c(=O)n(C)c2c(Oc3ccc(NC(=O)Nc4cc(C(C)(C)C)nn4-c4ccccc4)c(F)c3)ccnc21,6.4350000000000005,nM,IC50
CHEMBL491054,Cn1c(=O)n(C)c2c(Oc3ccc(NC(=O)Nc4ccc(Cl)c(C(F)(F)F)c4)cc3)ccnc21,7.21,nM,IC50
CHEMBL460137,Cn1c(=O)n(Cc2ccccc2)c(=O)c2c1nc(SCCO)n2Cc1ccccc1,5.76,nM,IC50
CHEMBL511119,Cn1c(Nc2ccc(Br)cc2)nc2cc(Oc3ccnc(C(=O)NCCC4CNCCO4)c3)ccc21,7.51,nM,IC50
CHEMBL486137,Cn1c(Nc2ccc(Br)cc2)nc2cc(Oc3ccnc(C(=O)NCCO)c3)ccc21,7.96,nM,IC50
CHEMBL5899450,Cn1cc(-c2cc(C(=O)Nc3cccc(C(C)(C)C#N)c3)ccc2Cl)cc(N2CCOCC2)c1=O,8.22,nM,IC50
CHEMBL3918963,Cn1cc(-c2cc(C(=O)Nc3cccc(C(F)(F)F)c3)ccc2C(F)F)cc(N2CCOCC2)c1=O,7.47,nM,IC50
CHEMBL5990401,Cn1cc(-c2cc(C(=O)Nc3cccc(C(F)(F)F)c3)ccc2Cl)cc(N2CCOCC2)c1=O,8.59,nM,IC50
CHEMBL5994092,Cn1cc(-c2cc(C(=O)Nc3cccc(C(F)F)c3)ccc2Cl)cc(N2CCOCC2)c1=O,8.62,nM,IC50
CHEMBL498467,Cn1cc(-c2ccc(-c3cc[nH]n3)cc2)c(-c2ccncc2)n1,7.17,nM,IC50
CHEMBL497866,Cn1cc(-c2ccc(/C(N)=N\O)cc2)c(-c2ccncc2)n1,7.74,nM,IC50
CHEMBL496477,Cn1cc(-c2ccc3c(c2)C(=O)NC3)c(-c2ccncc2)n1,7.17,nM,IC50
CHEMBL526671,Cn1cc(-c2ccc3c(c2)CC/C3=N\O)c(-c2ccc3c(cnn3C)c2)n1,6.01,nM,IC50
CHEMBL521731,Cn1cc(-c2ccc3c(c2)CC/C3=N\O)c(-c2cccnc2)n1,6.36,nM,IC50
CHEMBL496479,Cn1cc(-c2ccc3c(c2)CC/C3=N\O)c(-c2ccnc(N)c2)n1,8.68,nM,IC50
CHEMBL497700,Cn1cc(-c2ccc3c(c2)CC/C3=N\O)c(-c2ccnc(O)c2)n1,8.54,nM,IC50
CHEMBL500659,Cn1cc(-c2ccc3c(c2)CC/C3=N\O)c(-c2ccncc2)n1,10.7,nM,IC50
CHEMBL497701,Cn1cc(-c2ccc3c(c2)CC/C3=N\O)c(-c2ccncn2)n1,8.51,nM,IC50
CHEMBL496478,Cn1cc(-c2ccc3c(c2)CC/C3=N\O)c(-c2cnco2)n1,8.39,nM,IC50
CHEMBL498524,Cn1cc(-c2ccc3c(c2)CCN/C3=N/O)c(-c2ccncc2)n1,7.8,nM,IC50
CHEMBL523261,Cn1cc(-c2ccc3c(c2)Cc2c[nH]nc2-3)c(-c2ccncc2)n1,8.82,nM,IC50
CHEMBL521732,Cn1cc(-c2ccc3cn[nH]c3c2)c(-c2ccncc2)n1,7.16,nM,IC50
CHEMBL1088768,Cn1cncc1-c1cc2nccc(-c3cccc(NC(=O)c4cccc(C(F)(F)F)c4)c3)n2n1,7.0,nM,IC50
CHEMBL1091432,Cn1nc(C(C)(C)C)cc1NC(=O)Nc1ccc(Oc2ccnc3[nH]c(=O)[nH]c23)c2ccccc12,6.8,nM,IC50
CHEMBL1089706,Cn1nc(C(C)(C)C)cc1NC(=O)Nc1ccc(Oc2ccnc3[nH]c(=O)[nH]c23)cc1,6.015000000000001,nM,IC50
CHEMBL1213884,Cn1nc(C(C)(C)C)cc1NC(=O)Nc1ccc(Oc2ccnc3[nH]c(=O)cnc23)cc1F,6.99,nM,IC50
CHEMBL1093757,Cn1nc(C(C)(C)C)cc1NC(=O)Nc1ccc(Oc2ccnc3[nH]c(=O)n(C)c23)c2ccccc12,6.71,nM,IC50
CHEMBL1093703,Cn1nc(C(C)(C)C)cc1NC(=O)Nc1ccc(Oc2ccnc3[nH]c(=O)n(C)c23)cc1,5.965,nM,IC50
CHEMBL1091039,Cn1nc(C(C)(C)C)cc1NC(=O)Nc1ccc(Oc2ccnc3c2[nH]c(=O)n3C)c2ccccc12,6.52,nM,IC50
CHEMBL1092770,Cn1nc(C(C)(C)C)cc1NC(=O)Nc1ccc(Oc2ccnc3c2[nH]c(=O)n3C)cc1,6.0649999999999995,nM,IC50
CHEMBL500660,Cn1ncc(-c2ccc3c(c2)CC/C3=N\O)c1-c1ccncc1,9.32,nM,IC50
CHEMBL584527,Fc1ccc(-c2c(-c3ccncc3)nn3c(C4CC5CCC(C4)N5)ccnc23)c2cn[nH]c12,8.42,nM,IC50
CHEMBL3661256,Fc1ccc(-c2ccc3ncnc(Nc4cccc5[nH]ncc45)c3c2)cc1Cl,6.25,nM,IC50
CHEMBL3661258,Fc1cccc(-c2ccc3ncnc(Nc4cccc5[nH]ncc45)c3c2)c1,6.55,nM,IC50
CHEMBL248257,N#Cc1cc(CNc2ccccc2C(=O)Nc2ccc3c(c2)OC(F)(F)O3)ccn1,6.96,nM,IC50
CHEMBL1091543,N#Cc1cnc2cc(-c3ccncc3)sc2c1-c1cccc(NC(=O)c2cccc(C(F)(F)F)c2)c1,5.23,nM,IC50
CHEMBL489083,N=C(N)SCCCn1c(=O)c2c(c1=O)n1c3ccccc3cc1c1cccc3ccn2c31,5.92,nM,IC50
CHEMBL248051,NC(=O)c1cc(CNc2ccccc2C(=O)Nc2ccc3c(c2)OC(F)(F)O3)ccn1,7.47,nM,IC50
CHEMBL1086870,NC(=O)c1cccc(-c2cnn3c(-c4cccc(NC(=O)c5cccc(C(F)(F)F)c5)c4)ccnc23)c1,7.24,nM,IC50
CHEMBL256775,NC(=O)c1cccc(Nc2nccc(-c3[nH]c(C(F)(F)F)nc3-c3cccc(NC(=O)Cc4ccc(Cl)cc4)c3)n2)c1,7.02,nM,IC50
CHEMBL254966,NC(=O)c1cccc(Nc2nccc(-c3[nH]c(C4CC4)nc3-c3cccc(NC(=O)Cc4ccc(Cl)cc4)c3)n2)c1,8.46,nM,IC50
CHEMBL255496,NC(=O)c1cccc(Nc2nccc(-c3[nH]c(C4CC4)nc3-c3cccc(NC(=O)Nc4ccc(Cl)c(C(F)(F)F)c4)c3)n2)c1,7.335,nM,IC50
CHEMBL402424,NC(=O)c1cccc(Nc2nccc(-c3[nH]c(C4CC4)nc3-c3cccc(NS(=O)(=O)Cc4ccc(Cl)c(Cl)c4)c3)n2)c1,6.305,nM,IC50
CHEMBL248258,NC(=S)c1cc(CNc2ccccc2C(=O)Nc2ccc3c(c2)OC(F)(F)O3)ccn1,7.0,nM,IC50
CHEMBL498496,NCCCn1cc(-c2ccc3c(c2)CC/C3=N\O)c(-c2ccncc2)n1,9.41,nM,IC50
CHEMBL496276,NCCn1cc(-c2ccc3c(c2)CC/C3=N\O)c(-c2ccncc2)n1,8.62,nM,IC50
CHEMBL200320,NCc1ccc(-c2nc(-c3ccc(Cl)c(O)c3)c(-c3ccncc3)[nH]2)cc1,8.1,nM,IC50
CHEMBL400109,Nc1cc(CNc2ccccc2C(=O)Nc2ccc3c(c2)OC(F)(F)O3)ccn1,6.38,nM,IC50
CHEMBL3661247,Nc1ccc(-c2ccc3ncnc(Nc4cccc5[nH]ncc45)c3c2)cc1,6.47,nM,IC50
CHEMBL1087780,Nc1ccc(-c2cnn3c(-c4cccc(NC(=O)c5cccc(C(F)(F)F)c5)c4)ccnc23)cn1,6.95,nM,IC50
CHEMBL1213689,Nc1nc2c(Oc3ccc(NC(=O)Nc4cc(C(F)(F)F)ccc4F)c(F)c3)ccnc2[nH]c1=O,6.664999999999999,nM,IC50
CHEMBL1214129,Nc1nc2c(Oc3ccc(NC(=O)Nc4cc(C(F)(F)F)ccc4F)c4ccccc34)ccnc2[nH]c1=O,7.805,nM,IC50
CHEMBL1213690,Nc1nc2nccc(Oc3ccc(NC(=O)Nc4cc(C(F)(F)F)ccc4F)c(F)c3)c2[nH]c1=O,5.890000000000001,nM,IC50
CHEMBL1214378,Nc1nc2nccc(Oc3ccc(NC(=O)Nc4cc(C(F)(F)F)ccc4F)c4ccccc34)c2[nH]c1=O,7.005,nM,IC50
CHEMBL475817,Nc1ncc(NC(=O)c2cc(NC(=O)c3cccc(C(F)(F)F)c3)ccc2Cl)cc1Cl,7.57,nM,IC50
CHEMBL521155,Nc1ncnc2c1ncn2CC(=O)c1c[nH]c2ccccc12,4.09,nM,IC50
CHEMBL500406,O/N=C1\CCc2cc(-c3c[nH]nc3-c3ccncc3)ccc21,9.82,nM,IC50
CHEMBL503089,O/N=C1\CCc2cc(-c3cn(C4CCCC4)nc3-c3ccncc3)ccc21,8.46,nM,IC50
CHEMBL526479,O/N=C1\CCc2cc(-c3cn(C4CCNCC4)nc3-c3ccncc3)ccc21,10.52,nM,IC50
CHEMBL497671,O/N=C1\CCc2cc(-c3cn(C4CCOCC4)nc3-c3ccncc3)ccc21,9.66,nM,IC50
CHEMBL524445,O/N=C1\CCc2cc(-c3cn(CC4CCCNC4)nc3-c3ccncc3)ccc21,9.07,nM,IC50
CHEMBL497670,O/N=C1\CCc2cc(-c3cn(CC4CCNCC4)nc3-c3ccncc3)ccc21,8.92,nM,IC50
CHEMBL521562,O/N=C1\CCc2cc(-c3cn([C@@H]4CCC[C@@H](O)C4)nc3-c3ccncc3)ccc21,10.05,nM,IC50
CHEMBL498344,O/N=C1\CCc2cc(-c3cn([C@@H]4CCC[C@H](O)C4)nc3-c3ccncc3)ccc21,10.4,nM,IC50
CHEMBL524640,O/N=C1\CCc2cc(-c3cn([C@H]4CCC[C@@H]4O)nc3-c3ccncc3)ccc21,9.48,nM,IC50
CHEMBL498343,O/N=C1\CCc2cc(-c3cn([C@H]4CCC[C@H]4O)nc3-c3ccncc3)ccc21,8.41,nM,IC50
CHEMBL254965,O=C(Cc1ccc(Cl)cc1)Nc1cccc(-c2nc(C(F)(F)F)[nH]c2-c2ccnc(NCCN3CCNC3=O)n2)c1,7.335,nM,IC50
CHEMBL429498,O=C(Cc1ccc(Cl)cc1)Nc1cccc(-c2nc(C3CC3)[nH]c2-c2ccnc(NCCN3CCNC3=O)n2)c1,8.425,nM,IC50
CHEMBL451006,O=C(Cc1cccc(C(F)(F)F)c1)Nc1ccc(Oc2ccnc3[nH]c(=O)[nH]c23)cc1,5.0,nM,IC50
CHEMBL489248,O=C(Cc1cccc(OC(F)(F)F)c1)Nc1ccc(Oc2ccnc3[nH]c(=O)[nH]c23)cc1,5.0,nM,IC50
CHEMBL489038,O=C(Cc1ccccc1)Nc1ccc(Oc2ccnc3[nH]c(=O)[nH]c23)cc1,4.78,nM,IC50
CHEMBL248398,O=C(NC1CC1)c1cc(CNc2ccccc2C(=O)Nc2ccc3c(c2)OC(F)(F)O3)ccn1,6.72,nM,IC50
CHEMBL398872,O=C(NCCCN1CCOCC1)c1cc(CNc2ccccc2C(=O)Nc2ccc3c(c2)OC(F)(F)O3)ccn1,5.17,nM,IC50
CHEMBL2335880,O=C(NCCN1CCCC1)c1ccc(Nc2ncc3cc(-c4ccncc4)ccc3n2)cc1,6.48,nM,IC50
CHEMBL246608,O=C(NCCO)c1cc(CNc2ccccc2C(=O)Nc2ccc3c(c2)OC(F)(F)O3)ccn1,6.4,nM,IC50
CHEMBL395705,O=C(NCc1ccccc1)Nc1cc(CNc2ccccc2C(=O)Nc2ccc3c(c2)OC(F)(F)O3)ccn1,6.63,nM,IC50
CHEMBL498112,O=C(Nc1cc(C(F)(F)F)ccc1F)Nc1ccc(Oc2ccnc3[nH]c(=O)[nH]c23)c2ccccc12,7.05,nM,IC50
CHEMBL1214130,O=C(Nc1cc(C(F)(F)F)ccc1F)Nc1ccc(Oc2ccnc3[nH]c(=O)c(C(F)(F)F)nc23)c2ccccc12,6.87,nM,IC50
CHEMBL1214379,O=C(Nc1cc(C(F)(F)F)ccc1F)Nc1ccc(Oc2ccnc3nc(C(F)(F)F)c(=O)[nH]c23)c2ccccc12,5.52,nM,IC50
CHEMBL1214325,O=C(Nc1cc(C(F)(F)F)ccc1F)Nc1ccc(Oc2ccnc3ncc(=O)[nH]c23)c2ccccc12,6.38,nM,IC50
CHEMBL599236,O=C(Nc1cc(C(F)(F)F)ccc1F)c1cccc(Oc2cccc3[nH]c(=O)[nH]c23)c1,4.895,nM,IC50
CHEMBL501686,O=C(Nc1cc(C(F)(F)F)ccc1N1CCOCC1)Nc1ccc(Oc2ccnc3[nH]c(=O)[nH]c23)c2ccccc12,7.154999999999999,nM,IC50
CHEMBL591493,O=C(Nc1cc(Cl)cc(Oc2cccc3[nH]c(=O)[nH]c23)c1)c1cccc(OC(F)(F)F)c1,6.215,nM,IC50
CHEMBL496612,O=C(Nc1cc(F)cc(C(F)(F)F)c1)Nc1ccc(Oc2ccnc3[nH]c(=O)[nH]c23)cc1F,7.02,nM,IC50
CHEMBL601728,O=C(Nc1cc(F)cc(Oc2cccc3[nH]c(=O)[nH]c23)c1)c1cccc(OC(F)(F)F)c1,6.140000000000001,nM,IC50
CHEMBL591492,O=C(Nc1cc(Oc2cccc3[nH]c(=O)[nH]c23)c(Cl)cc1Cl)c1cccc(OC(F)(F)F)c1,6.11,nM,IC50
CHEMBL602123,O=C(Nc1cc(Oc2cccc3[nH]c(=O)[nH]c23)c(F)c(F)c1F)c1cccc(OC(F)(F)F)c1,7.38,nM,IC50
CHEMBL590543,O=C(Nc1cc(Oc2cccc3[nH]c(=O)[nH]c23)c(F)cc1F)c1cccc(OC(F)(F)F)c1,6.58,nM,IC50
CHEMBL606189,O=C(Nc1cc(Oc2cccc3[nH]c(=O)[nH]c23)ccc1Cl)c1cccc(OC(F)(F)F)c1,6.62,nM,IC50
CHEMBL1080439,O=C(Nc1ccc(Cl)c(-c2ccnc3c(-c4cn[nH]c4)cnn23)c1)c1cccc(C(F)(F)F)c1,7.38,nM,IC50
CHEMBL521725,O=C(Nc1ccc(Cl)c(C(F)(F)F)c1)Nc1ccc(Oc2ccnc3[nH]c(=O)[nH]c23)c2ccccc12,6.885,nM,IC50
CHEMBL524812,O=C(Nc1ccc(Cl)c(C(F)(F)F)c1)Nc1ccc(Oc2ccnc3[nH]c(=O)[nH]c23)cc1-c1ccccc1,5.19,nM,IC50
CHEMBL496185,O=C(Nc1ccc(Cl)c(C(F)(F)F)c1)Nc1ccc(Oc2ccnc3[nH]c(=O)[nH]c23)cc1C(F)(F)F,6.555,nM,IC50
CHEMBL498025,O=C(Nc1ccc(Cl)c(C(F)(F)F)c1)Nc1ccc(Oc2ccnc3[nH]c(=O)[nH]c23)cc1Cl,6.779999999999999,nM,IC50
CHEMBL496020,O=C(Nc1ccc(Cl)c(C(F)(F)F)c1)Nc1ccc(Oc2ccnc3[nH]c(=O)[nH]c23)cc1F,6.88,nM,IC50
CHEMBL1213824,O=C(Nc1ccc(Cl)c(C(F)(F)F)c1)Nc1ccc(Oc2ccnc3[nH]c(=O)cnc23)cc1F,7.2,nM,IC50
CHEMBL1214139,O=C(Nc1ccc(Cl)c(C(F)(F)F)c1)Nc1ccc(Oc2ccnc3ncc(=O)[nH]c23)cc1F,6.015000000000001,nM,IC50
CHEMBL599235,O=C(Nc1ccc(Cl)c(C(F)(F)F)c1)c1cccc(Oc2cccc3[nH]c(=O)[nH]c23)c1,6.07,nM,IC50
CHEMBL1080438,O=C(Nc1ccc(F)c(-c2ccnc3c(-c4cn[nH]c4)cnn23)c1)c1cccc(C(F)(F)F)c1,7.75,nM,IC50
CHEMBL498113,O=C(Nc1ccc(F)c(F)c1)Nc1ccc(Oc2ccnc3[nH]c(=O)[nH]c23)c2ccccc12,6.66,nM,IC50
CHEMBL1213976,O=C(Nc1ccc(OCCN2CCOCC2)cc1)Nc1ccc(Cl)c(C(F)(F)F)c1,7.04,nM,IC50
CHEMBL590711,O=C(Nc1ccc(Oc2cccc3[nH]c(=O)[nH]c23)cc1)Nc1ccc(Cl)c(C(F)(F)F)c1,7.64,nM,IC50
CHEMBL592438,O=C(Nc1ccc(Oc2cccc3[nH]c(=O)[nH]c23)cc1)c1ccc(Br)cc1,4.85,nM,IC50
CHEMBL601302,O=C(Nc1ccc(Oc2cccc3[nH]c(=O)[nH]c23)cc1)c1ccc(Cl)c(C(F)(F)F)c1,4.8,nM,IC50
CHEMBL498024,O=C(Nc1ccc(Oc2ccnc3[nH]c(=O)[nH]c23)c(F)c1)Nc1ccc(Cl)c(C(F)(F)F)c1,5.9,nM,IC50
CHEMBL490653,O=C(Nc1ccc(Oc2ccnc3[nH]c(=O)[nH]c23)cc1)Nc1cc(C(F)(F)F)ccc1F,7.28,nM,IC50
CHEMBL521337,O=C(Nc1ccc(Oc2ccnc3[nH]c(=O)[nH]c23)cc1)Nc1cc(C(F)(F)F)ccc1N1CCOCC1,6.07,nM,IC50
CHEMBL515938,O=C(Nc1ccc(Oc2ccnc3[nH]c(=O)[nH]c23)cc1)Nc1cc(Cl)cc(C(F)(F)F)c1,7.0,nM,IC50
CHEMBL483048,O=C(Nc1ccc(Oc2ccnc3[nH]c(=O)[nH]c23)cc1)Nc1cc(F)cc(N2CCOCC2)c1,6.22,nM,IC50
CHEMBL514688,O=C(Nc1ccc(Oc2ccnc3[nH]c(=O)[nH]c23)cc1)Nc1ccc(Cl)c(C(F)(F)F)c1,7.64,nM,IC50
CHEMBL476467,O=C(Nc1ccc(Oc2ccnc3[nH]c(=O)[nH]c23)cc1)Nc1cccc(C(F)(F)F)c1,7.85,nM,IC50
CHEMBL520627,O=C(Nc1ccc(Oc2ccnc3[nH]c(=O)[nH]c23)cc1)Nc1cccc(F)c1,5.55,nM,IC50
CHEMBL490454,O=C(Nc1ccc(Oc2ccnc3[nH]c(=O)[nH]c23)cc1)Nc1cccc(OC(F)(F)F)c1,7.68,nM,IC50
CHEMBL1089691,O=C(Nc1ccc(Oc2ccnc3[nH]c(=O)[nH]c23)cc1)Nc1nnc(C2CCCO2)s1,5.505,nM,IC50
CHEMBL489230,O=C(Nc1ccc(Oc2ccnc3[nH]c(=O)[nH]c23)cc1)c1ccc(Cl)c(C(F)(F)F)c1,4.8,nM,IC50
CHEMBL489840,O=C(Nc1ccc(Oc2ccnc3[nH]c(=O)[nH]c23)cc1)c1cccc(Br)c1,4.85,nM,IC50
CHEMBL524096,O=C(Nc1ccc(Oc2ccnc3[nH]c(=O)[nH]c23)cc1)c1cccc(C(F)(F)F)c1,4.76,nM,IC50
CHEMBL1213822,O=C(Nc1ccc(Oc2ccnc3[nH]c(=O)c(=O)[nH]c23)cc1)Nc1ccc(Cl)c(C(F)(F)F)c1,6.48,nM,IC50
CHEMBL1213691,O=C(Nc1ccc(Oc2ccnc3[nH]c(=O)c(=O)[nH]c23)cc1F)Nc1cc(C(F)(F)F)ccc1F,7.26,nM,IC50
CHEMBL1213821,O=C(Nc1ccc(Oc2ccnc3[nH]c(=O)cnc23)cc1)Nc1ccc(Cl)c(C(F)(F)F)c1,6.635,nM,IC50
CHEMBL1214612,O=C(Nc1ccc(Oc2ccnc3[nH]c(=O)cnc23)cc1F)Nc1cc(C(F)(F)F)ccc1F,7.255000000000001,nM,IC50
CHEMBL1212949,O=C(Nc1ccc(Oc2ccnc3[nH]c(S)nc23)cc1F)Nc1cc(C(F)(F)F)ccc1F,6.33,nM,IC50
CHEMBL1213753,O=C(Nc1ccc(Oc2ccnc3[nH]cnc23)cc1F)Nc1cc(C(F)(F)F)ccc1F,6.225,nM,IC50
CHEMBL1213692,O=C(Nc1ccc(Oc2ccnc3[nH]nnc23)cc1F)Nc1cc(C(F)(F)F)ccc1F,5.890000000000001,nM,IC50
CHEMBL1213757,O=C(Nc1ccc(Oc2ccnc3nc(N4CCOCC4)cnc23)cc1F)Nc1cc(C(F)(F)F)ccc1F,6.215,nM,IC50
CHEMBL1214138,O=C(Nc1ccc(Oc2ccnc3ncc(=O)[nH]c23)cc1)Nc1cc(C(F)(F)F)ccc1F,5.635,nM,IC50
CHEMBL1214137,O=C(Nc1ccc(Oc2ccnc3ncc(=O)[nH]c23)cc1)Nc1ccc(Cl)c(C(F)(F)F)c1,6.88,nM,IC50
CHEMBL1214613,O=C(Nc1ccc(Oc2ccnc3ncc(=O)[nH]c23)cc1F)Nc1cc(C(F)(F)F)ccc1F,5.640000000000001,nM,IC50
CHEMBL491055,O=C(Nc1ccc(Sc2ccnc3[nH]c(=O)[nH]c23)cc1)Nc1cc(C(F)(F)F)ccc1F,7.54,nM,IC50
CHEMBL489009,O=C(Nc1ccc(Sc2ccnc3[nH]c(=O)[nH]c23)cc1)Nc1ccc(Cl)c(C(F)(F)F)c1,7.4,nM,IC50
CHEMBL449813,O=C(Nc1ccc(Sc2ccnc3[nH]c(=O)[nH]c23)cc1)Nc1cccc(C(F)(F)F)c1,7.55,nM,IC50
CHEMBL399571,O=C(Nc1ccc2c(c1)CCC2)Nc1cc(CNc2ccccc2C(=O)Nc2ccc3c(c2)OC(F)(F)O3)ccn1,7.19,nM,IC50
CHEMBL391781,O=C(Nc1ccc2c(c1)OC(F)(F)C(F)(F)O2)c1ccccc1NCc1ccncc1,7.4,nM,IC50
CHEMBL392600,O=C(Nc1ccc2c(c1)OC(F)(F)C(F)(F)O2)c1ncsc1NCc1ccncc1,5.59,nM,IC50
CHEMBL400308,O=C(Nc1ccc2c(c1)OC(F)(F)O2)c1ccccc1NCc1ccnc(C2=NCCN2)c1,6.82,nM,IC50
CHEMBL395700,O=C(Nc1ccc2c(c1)OC(F)(F)O2)c1ccccc1NCc1ccnc(NCCCO)c1,6.85,nM,IC50
CHEMBL247424,O=C(Nc1ccc2c(c1)OC(F)(F)O2)c1ccccc1NCc1ccnc(NCCCn2ccnc2)c1,7.0,nM,IC50
CHEMBL398052,O=C(Nc1ccc2c(c1)OC(F)(F)O2)c1ccccc1NCc1ccnc(NCCO)c1,6.95,nM,IC50
CHEMBL247423,O=C(Nc1ccc2c(c1)OC(F)(F)O2)c1ccccc1NCc1ccnc(NCCOCCO)c1,6.78,nM,IC50
CHEMBL247792,O=C(Nc1ccc2c(c1)OC(F)(F)O2)c1ccccc1NCc1ccnc(NCCc2cnc[nH]2)c1,6.84,nM,IC50
CHEMBL1087522,O=C(Nc1cccc(-c2ccnc3c(-c4ccc(CN5CCCC5)cc4)cnn23)c1)c1cccc(C(F)(F)F)c1,7.7,nM,IC50
CHEMBL1087523,O=C(Nc1cccc(-c2ccnc3c(-c4cccnc4)cnn23)c1)c1cccc(C(F)(F)F)c1,6.95,nM,IC50
CHEMBL1081817,O=C(Nc1cccc(-c2ccnc3c(-c4ccoc4)cnn23)c1)c1cccc(C(F)(F)F)c1,6.49,nM,IC50
CHEMBL1081470,O=C(Nc1cccc(-c2ccnc3c(-c4cn[nH]c4)cnn23)c1)c1cccc(C(F)(F)F)c1,7.08,nM,IC50
CHEMBL1087906,O=C(Nc1cccc(-c2ccnc3c(-c4cnc(N5CCOCC5)nc4)cnn23)c1)c1cccc(C(F)(F)F)c1,6.03,nM,IC50
CHEMBL1081647,O=C(Nc1cccc(-c2ccnc3c(-c4cnn(CCN5CCCC5)c4)cnn23)c1)c1cccc(C(F)(F)F)c1,6.41,nM,IC50
CHEMBL1081818,O=C(Nc1cccc(-c2ccnc3c(-c4coc(CN5CCCC5)c4)cnn23)c1)c1cccc(C(F)(F)F)c1,6.44,nM,IC50
CHEMBL1080656,O=C(Nc1cccc(-c2ccnc3c(C#CCCCN4CCOCC4)cnn23)c1)c1cccc(C(F)(F)F)c1,6.26,nM,IC50
CHEMBL541201,O=C(Nc1cccc(-c2ccnc3c(C(=O)NCCN4CCOCC4)cnn23)c1)Nc1ccc(Cl)c(C(F)(F)F)c1,6.8,nM,IC50
CHEMBL550290,O=C(Nc1cccc(-c2ccnc3c(C(=O)NCCN4CCOCC4)cnn23)c1)c1cccc(C(F)(F)F)c1,5.2,nM,IC50
CHEMBL565026,O=C(Nc1cccc(-c2ccnc3c(C(=O)OCC(F)(F)F)cnn23)c1)c1cccc(C(F)(F)F)c1,5.84,nM,IC50
CHEMBL1091687,O=C(Nc1cccc(-c2ccnc3cc(-c4ccnc(NCCCN5CCCC5)c4)nn23)c1)c1cccc(C(F)(F)F)c1,6.96,nM,IC50
CHEMBL1091688,O=C(Nc1cccc(-c2ccnc3cc(-c4ccnc(NCCCN5CCCC5=O)c4)nn23)c1)c1cccc(C(F)(F)F)c1,6.96,nM,IC50
CHEMBL1091685,O=C(Nc1cccc(-c2ccnc3cc(-c4ccnc(NCCCN5CCOCC5)c4)nn23)c1)c1cccc(C(F)(F)F)c1,6.89,nM,IC50
CHEMBL1091689,O=C(Nc1cccc(-c2ccnc3cc(-c4ccnc(NCCCc5ncc[nH]5)c4)nn23)c1)c1cccc(C(F)(F)F)c1,7.18,nM,IC50
CHEMBL1091690,O=C(Nc1cccc(-c2ccnc3cc(-c4ccnc(NCCN5CCC(O)CC5)c4)nn23)c1)c1cccc(C(F)(F)F)c1,7.18,nM,IC50
CHEMBL1091686,O=C(Nc1cccc(-c2ccnc3cc(-c4ccnc(NCCN5CCCC5)c4)nn23)c1)c1cccc(C(F)(F)F)c1,7.17,nM,IC50
CHEMBL1091684,O=C(Nc1cccc(-c2ccnc3cc(-c4ccnc(NCCN5CCOCC5)c4)nn23)c1)c1cccc(C(F)(F)F)c1,6.8,nM,IC50
CHEMBL1091844,O=C(Nc1cccc(-c2ccnc3cc(-c4ccncc4)nn23)c1)Nc1ccc(Cl)c(C(F)(F)F)c1,7.4,nM,IC50
CHEMBL1091843,O=C(Nc1cccc(-c2ccnc3cc(-c4ccncc4)nn23)c1)Nc1cccc(C(F)(F)F)c1,7.6,nM,IC50
CHEMBL1090083,O=C(Nc1cccc(-c2ccnc3cc(-c4ccncc4)nn23)c1)c1ccc(Cl)c(C(F)(F)F)c1,7.22,nM,IC50
CHEMBL1090082,O=C(Nc1cccc(-c2ccnc3cc(-c4ccncc4)nn23)c1)c1ccc(Cl)c(Cl)c1,6.18,nM,IC50
CHEMBL1089082,O=C(Nc1cccc(-c2ccnc3cc(-c4ccncc4)nn23)c1)c1cccc(C(F)(F)F)c1,7.5,nM,IC50
CHEMBL1089751,O=C(Nc1cccc(-c2ccnc3cc(-c4ccncc4)nn23)c1)c1cccc(Cl)c1,5.96,nM,IC50
CHEMBL1089411,O=C(Nc1cccc(-c2ccnc3cc(-c4cnc[nH]4)nn23)c1)c1cccc(C(F)(F)F)c1,5.8,nM,IC50
CHEMBL1092827,O=C(Nc1cccc(-c2ccnc3cc(N4CCNCC4)nn23)c1)c1cccc(C(F)(F)F)c1,5.21,nM,IC50
CHEMBL1093105,O=C(Nc1cccc(-c2ccnc3cc(N4CCOCC4)nn23)c1)c1cccc(C(F)(F)F)c1,7.0,nM,IC50
CHEMBL256921,O=C(Nc1cccc(-c2nc(C3CC3)[nH]c2-c2ccnc(NCCN3CCNC3=O)n2)c1)Nc1ccc(Cl)c(C(F)(F)F)c1,7.42,nM,IC50
CHEMBL1090804,O=C(Nc1cccc(-c2ncnc3cc(-c4ccncc4)sc23)c1)c1cccc(C(F)(F)F)c1,6.27,nM,IC50
CHEMBL1093588,O=C(Nc1cccc(-c2ncnc3sc(-c4cccnc4)cc23)c1)c1cccc(C(F)(F)F)c1,5.96,nM,IC50
CHEMBL1090143,O=C(Nc1cccc(-c2ncnc3sc(-c4ccncc4)cc23)c1)c1cccc(C(F)(F)F)c1,7.1,nM,IC50
CHEMBL523753,O=C(Nc1cccc(C(F)(F)F)c1)Nc1ccc(Oc2ccnc3[nH]c(=O)[nH]c23)c2ccccc12,6.970000000000001,nM,IC50
CHEMBL496414,O=C(Nc1cccc(C(F)(F)F)c1)Nc1ccc(Oc2ccnc3[nH]c(=O)[nH]c23)cc1F,6.6899999999999995,nM,IC50
CHEMBL526838,O=C(Nc1cccc(F)c1)Nc1ccc(Oc2ccnc3[nH]c(=O)[nH]c23)c2ccccc12,7.05,nM,IC50
CHEMBL591264,O=C(Nc1cccc(F)c1)Nc1cccc(Oc2cccc3[nH]c(=O)[nH]c23)c1,4.93,nM,IC50
CHEMBL599437,O=C(Nc1cccc(OC(F)(F)C(F)F)c1)c1cccc(Oc2cccc3[nH]c(=O)[nH]c23)c1,5.859999999999999,nM,IC50
CHEMBL603328,O=C(Nc1cccc(OC(F)(F)F)c1)c1cccc(Oc2cccc3[nH]c(=O)[nH]c23)c1,6.08,nM,IC50
CHEMBL603693,O=C(Nc1cccc(Oc2cccc3[nH]c(=O)[nH]c23)c1)Nc1cc(C(F)(F)F)ccc1F,6.245,nM,IC50
CHEMBL603696,O=C(Nc1cccc(Oc2cccc3[nH]c(=O)[nH]c23)c1)Nc1cc(C(F)(F)F)ccc1N1CCOCC1,5.255,nM,IC50
CHEMBL596778,O=C(Nc1cccc(Oc2cccc3[nH]c(=O)[nH]c23)c1)Nc1ccc(Cl)c(C(F)(F)F)c1,6.395,nM,IC50
CHEMBL591265,O=C(Nc1cccc(Oc2cccc3[nH]c(=O)[nH]c23)c1)Nc1ccc(F)c(F)c1,5.18,nM,IC50
CHEMBL596997,O=C(Nc1cccc(Oc2cccc3[nH]c(=O)[nH]c23)c1)c1cc(Cl)cc(OC(F)(F)F)c1,5.995,nM,IC50
CHEMBL592685,O=C(Nc1cccc(Oc2cccc3[nH]c(=O)[nH]c23)c1)c1cc(F)cc(N2CCOCC2)c1,5.945,nM,IC50
CHEMBL596793,O=C(Nc1cccc(Oc2cccc3[nH]c(=O)[nH]c23)c1)c1cc(OC(F)(F)F)ccc1F,6.095000000000001,nM,IC50
CHEMBL606415,O=C(Nc1cccc(Oc2cccc3[nH]c(=O)[nH]c23)c1)c1ccc(Cl)c(C(F)(F)F)c1,5.73,nM,IC50
CHEMBL598429,O=C(Nc1cccc(Oc2cccc3[nH]c(=O)[nH]c23)c1)c1ccc(F)c(OC(F)(F)F)c1,5.935,nM,IC50
CHEMBL597618,O=C(Nc1cccc(Oc2cccc3[nH]c(=O)[nH]c23)c1)c1ccc2sccc2c1,4.42,nM,IC50
CHEMBL603265,O=C(Nc1cccc(Oc2cccc3[nH]c(=O)[nH]c23)c1)c1cccc(-n2cccc2)c1,5.965,nM,IC50
CHEMBL603185,O=C(Nc1cccc(Oc2cccc3[nH]c(=O)[nH]c23)c1)c1cccc(Br)c1,4.904999999999999,nM,IC50
CHEMBL599048,O=C(Nc1cccc(Oc2cccc3[nH]c(=O)[nH]c23)c1)c1cccc(N2CCCC2)c1,6.94,nM,IC50
CHEMBL599049,O=C(Nc1cccc(Oc2cccc3[nH]c(=O)[nH]c23)c1)c1cccc(N2CCCCC2)c1,6.07,nM,IC50
CHEMBL596998,O=C(Nc1cccc(Oc2cccc3[nH]c(=O)[nH]c23)c1)c1cccc(OC(F)(F)C(F)F)c1,6.4399999999999995,nM,IC50
CHEMBL598008,O=C(Nc1cccc(Oc2cccc3[nH]c(=O)[nH]c23)c1)c1cccc(OC(F)(F)F)c1,6.484999999999999,nM,IC50
CHEMBL597605,O=C(Nc1cccc(Oc2cccc3[nH]c(=O)[nH]c23)c1)c1cccc(OC(F)(F)F)c1F,6.495,nM,IC50
CHEMBL605328,O=C(Nc1cccc(Oc2cccc3[nH]c(=O)[nH]c23)c1)c1cccc(SC(F)(F)F)c1,6.745000000000001,nM,IC50
CHEMBL606404,O=C(Nc1cccc(Oc2cccc3[nH]c(=O)[nH]c23)c1)c1cccc2ccccc12,5.29,nM,IC50
CHEMBL591257,O=C(Nc1cccc(Oc2cccc3[nH]c(=O)[nH]c23)c1)c1ccccc1,4.6,nM,IC50
CHEMBL598428,O=C(Nc1cccc(Oc2cccc3[nH]c(=O)[nH]c23)c1)c1ccccc1OC(F)(F)F,4.275,nM,IC50
CHEMBL597619,O=C(Nc1cccc(Oc2cccc3[nH]c(=O)[nH]c23)c1)c1ccnc(Cl)c1,4.03,nM,IC50
CHEMBL598651,O=C(Nc1cccc(Oc2cccc3[nH]c(=O)[nH]c23)c1)c1ccnc(N2CCSCC2)c1,5.205,nM,IC50
CHEMBL598856,O=C(Nc1cccc(Oc2cccc3[nH]c(=O)[nH]c23)c1)c1ccnn1-c1ccccc1,4.04,nM,IC50
CHEMBL597388,O=C(Nc1cccc(Oc2cccc3[nH]c(=O)[nH]c23)c1)c1cnn(-c2ccccc2)c1C(F)(F)F,4.42,nM,IC50
CHEMBL1214616,O=C(Nc1cccc(Oc2ccnc3[nH]c(=O)c(O)nc23)c1)c1cccc(OC(F)(F)F)c1,6.4,nM,IC50
CHEMBL1214441,O=C(Nc1cccc(Oc2ccnc3[nH]c(=O)cnc23)c1)Nc1cc(C(F)(F)F)ccc1F,6.2,nM,IC50
CHEMBL1214563,O=C(Nc1cccc(Oc2ccnc3[nH]c(=O)cnc23)c1)c1cccc(OC(F)(F)F)c1,6.54,nM,IC50
CHEMBL1214504,O=C(Nc1cccc(Oc2ccnc3ncc(=O)[nH]c23)c1)Nc1cc(C(F)(F)F)ccc1F,6.98,nM,IC50
CHEMBL1214564,O=C(Nc1cccc(Oc2ccnc3ncc(=O)[nH]c23)c1)c1cccc(OC(F)(F)F)c1,5.47,nM,IC50
CHEMBL522072,O=C(Nc1cccc(SC(F)(F)F)c1)Nc1ccc(Oc2ccnc3[nH]c(=O)[nH]c23)cc1F,6.765000000000001,nM,IC50
CHEMBL599438,O=C(Nc1cccc(SC(F)(F)F)c1)c1cccc(Oc2cccc3[nH]c(=O)[nH]c23)c1,5.8100000000000005,nM,IC50
CHEMBL397345,O=C(Nc1ccccc1)Nc1cc(CNc2ccccc2C(=O)Nc2ccc3c(c2)OC(F)(F)O3)ccn1,7.41,nM,IC50
CHEMBL571748,O=C(O)[C@H]1CCCN1C(=O)N1C2CCC1CC(c1ccnc3c(-c4cccc5[nH]ncc45)c(-c4ccncc4)nn13)C2,8.68,nM,IC50
CHEMBL1254389,O=C(c1cc(-c2ccc3c(c2)Cc2cn[nH]c2-3)c(-c2ccncc2)o1)N1CCNCC1,5.56,nM,IC50
CHEMBL1254316,O=C(c1cc(-c2ccc3c(c2)Cc2cn[nH]c2-3)c(-c2ccncc2)o1)N1CCOCC1,5.67,nM,IC50
CHEMBL1214439,O=C1CNc2nccc(Oc3ccc(NC(=O)Nc4cc(C(F)(F)F)ccc4F)cc3)c2N1,6.365,nM,IC50
CHEMBL401710,O=C1NCCN1CCNc1nccc(-c2[nH]c(C3CC3)nc2-c2cc(Cl)ccc2Cl)n1,8.0,nM,IC50
CHEMBL255497,O=C1NCCN1CCNc1nccc(-c2[nH]c(C3CC3)nc2-c2cccc(NS(=O)(=O)Cc3ccc(Cl)c(Cl)c3)c2)n1,6.654999999999999,nM,IC50
CHEMBL1880739,O=C1Nc2ccc(I)cc2C1=Cc1cc(Br)c(O)c(Br)c1,6.72,nM,IC50
CHEMBL599860,O=c1[nH]c2cccc(Oc3ccc(NS(=O)(=O)c4ccccc4)cc3)c2[nH]1,6.07,nM,IC50
CHEMBL598835,O=c1[nH]c2cccc(Oc3cccc(NS(=O)(=O)CCc4ccccc4)c3)c2[nH]1,4.03,nM,IC50
CHEMBL604705,O=c1[nH]c2cccc(Oc3cccc(NS(=O)(=O)Cc4cccc(C(F)(F)F)c4)c3)c2[nH]1,4.75,nM,IC50
CHEMBL603679,O=c1[nH]c2cccc(Oc3cccc(NS(=O)(=O)Cc4cccc(OC(F)(F)F)c4)c3)c2[nH]1,4.89,nM,IC50
CHEMBL598834,O=c1[nH]c2cccc(Oc3cccc(NS(=O)(=O)Cc4ccccc4)c3)c2[nH]1,4.06,nM,IC50
CHEMBL599441,O=c1[nH]c2cccc(Oc3cccc(NS(=O)(=O)c4cc(C(F)(F)F)cc(Cl)c4F)c3)c2[nH]1,5.2,nM,IC50
CHEMBL599440,O=c1[nH]c2cccc(Oc3cccc(NS(=O)(=O)c4cc(Cl)cc(C(F)(F)F)c4)c3)c2[nH]1,5.390000000000001,nM,IC50
CHEMBL596984,O=c1[nH]c2cccc(Oc3cccc(NS(=O)(=O)c4ccc(C(F)(F)F)cc4)c3)c2[nH]1,6.14,nM,IC50
CHEMBL596981,O=c1[nH]c2cccc(Oc3cccc(NS(=O)(=O)c4ccc(Cl)c(C(F)(F)F)c4)c3)c2[nH]1,4.675,nM,IC50
CHEMBL592616,O=c1[nH]c2cccc(Oc3cccc(NS(=O)(=O)c4ccc(Cl)cc4)c3)c2[nH]1,4.17,nM,IC50
CHEMBL598624,O=c1[nH]c2cccc(Oc3cccc(NS(=O)(=O)c4cccc(C(F)(F)F)c4)c3)c2[nH]1,4.525,nM,IC50
CHEMBL603252,O=c1[nH]c2cccc(Oc3cccc(NS(=O)(=O)c4cccc(OC(F)(F)F)c4)c3)c2[nH]1,4.49,nM,IC50
CHEMBL599852,O=c1[nH]c2cccc(Oc3cccc(NS(=O)(=O)c4cccc5ccccc45)c3)c2[nH]1,4.635,nM,IC50
CHEMBL603161,O=c1[nH]c2cccc(Oc3cccc(NS(=O)(=O)c4ccccc4)c3)c2[nH]1,5.155,nM,IC50
CHEMBL489228,O=c1[nH]c2nccc(Oc3ccc(NC(=S)Nc4ccc(Cl)c(C(F)(F)F)c4)cc3)c2[nH]1,7.07,nM,IC50
CHEMBL522263,O=c1[nH]c2nccc(Oc3ccc(NS(=O)(=O)c4ccccc4)cc3)c2[nH]1,6.07,nM,IC50
CHEMBL520818,O=c1[nH]c2nccc(Oc3ccc(NS(=O)(=O)c4ccccc4F)cc3)c2[nH]1,4.49,nM,IC50
CHEMBL485301,O=c1[nH]c2nccc(Oc3ccc(NS(=O)(=O)c4cccs4)cc3)c2[nH]1,4.91,nM,IC50
CHEMBL498487,OCC(CO)n1cc(-c2ccc3c(c2)CC/C3=N\O)c(-c2ccncc2)n1,9.25,nM,IC50
CHEMBL498317,OCC(O)Cn1cc(-c2ccc3c(c2)CC/C3=N\O)c(-c2ccncc2)n1,9.06,nM,IC50
CHEMBL527029,OCCCn1cc(-c2ccc3c(c2)CC/C3=N\O)c(-c2ccncc2)n1,10.3,nM,IC50
CHEMBL570443,OCCN1C2CCC1CC(c1ccnc3c(-c4cccc5[nH]ncc45)c(-c4ccncc4)nn13)C2,7.64,nM,IC50
CHEMBL525191,OCCn1cc(-c2ccc3c(c2)CC/C3=N\O)c(-c2ccncc2)n1,9.89,nM,IC50
CHEMBL200259,OCc1cccc(-c2[nH]c(-c3ccccc3)nc2-c2ccncc2)c1,5.8,nM,IC50
CHEMBL381250,Oc1cc(-c2[nH]c(-c3cccnc3)nc2-c2ccncc2)ccc1Cl,8.22,nM,IC50
CHEMBL371952,Oc1cc(-c2[nH]c(-c3ccco3)nc2-c2ccncc2)ccc1Cl,7.89,nM,IC50
CHEMBL200118,Oc1cc(-c2[nH]cnc2-c2ccncc2)ccc1Cl,7.48,nM,IC50
CHEMBL569081,Oc1cc(-c2c(-c3ccncc3)nn3c(C4CC5CCC(C4)N5)ccnc23)ccc1Cl,9.4,nM,IC50
CHEMBL373011,Oc1cc(-c2nc(-c3ccccc3)[nH]c2-c2ccncc2)ccc1Cl,8.0,nM,IC50
CHEMBL68215,Oc1ccc(-c2[nH]c(-c3ccccc3)nc2-c2ccncc2)cc1,6.47,nM,IC50
CHEMBL3661241,Oc1ccc(-c2ccc3ncnc(Nc4cccc(O)c4)c3c2)cc1,7.22,nM,IC50
CHEMBL1087000,Oc1cccc(-c2c(-c3ccncc3)nn3c(-c4ccc(N5C[C@@H]6C[C@H]5CN6)cc4)ccnc23)c1,9.31,nM,IC50
CHEMBL1088289,Oc1cccc(-c2c(-c3ccncc3)nn3c(-c4ccc(NCC56CCN(CC5)CC6)cc4)ccnc23)c1,8.7,nM,IC50
CHEMBL1087510,Oc1cccc(-c2c(-c3ccncc3)nn3c(-c4ccc(N[C@@H]5CN6CCC5CC6)cc4)ccnc23)c1,8.82,nM,IC50
CHEMBL1086871,Oc1cccc(-c2c(-c3ccncc3)nn3c(-c4ccc(N[C@H]5CN6CCC5CC6)cc4)ccnc23)c1,9.0,nM,IC50
CHEMBL583025,Oc1cccc(-c2c(-c3ccncc3)nn3c(C4CC5CCC(C4)N5)ccnc23)c1,8.4,nM,IC50
CHEMBL3661242,Oc1cccc(Nc2ncnc3ccc(-c4cccc(O)c4)cc23)c1,7.29,nM,IC50
CHEMBL1254230,c1cc(-c2[nH]c(C3CCNCC3)nc2-c2ccc3c(c2)Cc2cn[nH]c2-3)ccn1,5.595,nM,IC50
CHEMBL2335884,c1cc(-c2ccc3nc(Nc4ccc(OCCN5CCCC5)cc4)ncc3c2)ccn1,6.39,nM,IC50
